frame_path,steering_angle,direction
C:/Code/CapstoneDesign/CapstoneDesign/1213/data/frames/frame_00000.jpg,90,stop
C:/Code/CapstoneDesign/CapstoneDesign/1213/data/frames/frame_00001.jpg,90,stop
C:/Code/CapstoneDesign/CapstoneDesign/1213/data/frames/frame_00002.jpg,90,forward
C:/Code/CapstoneDesign/CapstoneDesign/1213/data/frames/frame_00003.jpg,90,forward
C:/Code/CapstoneDesign/CapstoneDesign/1213/data/frames/frame_00004.jpg,90,forward
C:/Code/CapstoneDesign/CapstoneDesign/1213/data/frames/frame_00005.jpg,90,forward
C:/Code/CapstoneDesign/CapstoneDesign/1213/data/frames/frame_00006.jpg,90,forward
C:/Code/CapstoneDesign/CapstoneDesign/1213/data/frames/frame_00007.jpg,90,forward
C:/Code/CapstoneDesign/CapstoneDesign/1213/data/frames/frame_00008.jpg,90,forward
C:/Code/CapstoneDesign/CapstoneDesign/1213/data/frames/frame_00009.jpg,60,forward
C:/Code/CapstoneDesign/CapstoneDesign/1213/data/frames/frame_00010.jpg,60,forward
C:/Code/CapstoneDesign/CapstoneDesign/1213/data/frames/frame_00011.jpg,90,forward
C:/Code/CapstoneDesign/CapstoneDesign/1213/data/frames/frame_00012.jpg,90,forward
C:/Code/CapstoneDesign/CapstoneDesign/1213/data/frames/frame_00013.jpg,90,forward
C:/Code/CapstoneDesign/CapstoneDesign/1213/data/frames/frame_00014.jpg,90,forward
C:/Code/CapstoneDesign/CapstoneDesign/1213/data/frames/frame_00015.jpg,90,forward
C:/Code/CapstoneDesign/CapstoneDesign/1213/data/frames/frame_00016.jpg,90,forward
C:/Code/CapstoneDesign/CapstoneDesign/1213/data/frames/frame_00017.jpg,90,forward
C:/Code/CapstoneDesign/CapstoneDesign/1213/data/frames/frame_00018.jpg,90,forward
C:/Code/CapstoneDesign/CapstoneDesign/1213/data/frames/frame_00019.jpg,90,forward
C:/Code/CapstoneDesign/CapstoneDesign/1213/data/frames/frame_00020.jpg,90,forward
C:/Code/CapstoneDesign/CapstoneDesign/1213/data/frames/frame_00021.jpg,90,forward
C:/Code/CapstoneDesign/CapstoneDesign/1213/data/frames/frame_00022.jpg,90,forward
C:/Code/CapstoneDesign/CapstoneDesign/1213/data/frames/frame_00023.jpg,90,forward
C:/Code/CapstoneDesign/CapstoneDesign/1213/data/frames/frame_00024.jpg,90,forward
C:/Code/CapstoneDesign/CapstoneDesign/1213/data/frames/frame_00025.jpg,90,forward
C:/Code/CapstoneDesign/CapstoneDesign/1213/data/frames/frame_00026.jpg,60,forward
C:/Code/CapstoneDesign/CapstoneDesign/1213/data/frames/frame_00027.jpg,90,forward
C:/Code/CapstoneDesign/CapstoneDesign/1213/data/frames/frame_00028.jpg,90,forward
C:/Code/CapstoneDesign/CapstoneDesign/1213/data/frames/frame_00029.jpg,90,forward
C:/Code/CapstoneDesign/CapstoneDesign/1213/data/frames/frame_00030.jpg,90,forward
C:/Code/CapstoneDesign/CapstoneDesign/1213/data/frames/frame_00031.jpg,90,forward
C:/Code/CapstoneDesign/CapstoneDesign/1213/data/frames/frame_00032.jpg,90,forward
C:/Code/CapstoneDesign/CapstoneDesign/1213/data/frames/frame_00033.jpg,60,forward
C:/Code/CapstoneDesign/CapstoneDesign/1213/data/frames/frame_00034.jpg,60,forward
C:/Code/CapstoneDesign/CapstoneDesign/1213/data/frames/frame_00035.jpg,60,forward
C:/Code/CapstoneDesign/CapstoneDesign/1213/data/frames/frame_00036.jpg,60,forward
C:/Code/CapstoneDesign/CapstoneDesign/1213/data/frames/frame_00037.jpg,60,forward
C:/Code/CapstoneDesign/CapstoneDesign/1213/data/frames/frame_00038.jpg,60,forward
C:/Code/CapstoneDesign/CapstoneDesign/1213/data/frames/frame_00039.jpg,60,forward
C:/Code/CapstoneDesign/CapstoneDesign/1213/data/frames/frame_00040.jpg,60,forward
C:/Code/CapstoneDesign/CapstoneDesign/1213/data/frames/frame_00041.jpg,60,forward
C:/Code/CapstoneDesign/CapstoneDesign/1213/data/frames/frame_00042.jpg,60,forward
C:/Code/CapstoneDesign/CapstoneDesign/1213/data/frames/frame_00043.jpg,30,forward
C:/Code/CapstoneDesign/CapstoneDesign/1213/data/frames/frame_00044.jpg,30,forward
C:/Code/CapstoneDesign/CapstoneDesign/1213/data/frames/frame_00045.jpg,60,forward
C:/Code/CapstoneDesign/CapstoneDesign/1213/data/frames/frame_00046.jpg,60,forward
C:/Code/CapstoneDesign/CapstoneDesign/1213/data/frames/frame_00047.jpg,60,forward
C:/Code/CapstoneDesign/CapstoneDesign/1213/data/frames/frame_00048.jpg,60,forward
C:/Code/CapstoneDesign/CapstoneDesign/1213/data/frames/frame_00049.jpg,60,forward
C:/Code/CapstoneDesign/CapstoneDesign/1213/data/frames/frame_00050.jpg,60,forward
C:/Code/CapstoneDesign/CapstoneDesign/1213/data/frames/frame_00051.jpg,90,forward
C:/Code/CapstoneDesign/CapstoneDesign/1213/data/frames/frame_00052.jpg,90,forward
C:/Code/CapstoneDesign/CapstoneDesign/1213/data/frames/frame_00053.jpg,90,forward
C:/Code/CapstoneDesign/CapstoneDesign/1213/data/frames/frame_00054.jpg,90,forward
C:/Code/CapstoneDesign/CapstoneDesign/1213/data/frames/frame_00055.jpg,90,forward
C:/Code/CapstoneDesign/CapstoneDesign/1213/data/frames/frame_00056.jpg,60,forward
C:/Code/CapstoneDesign/CapstoneDesign/1213/data/frames/frame_00057.jpg,60,forward
C:/Code/CapstoneDesign/CapstoneDesign/1213/data/frames/frame_00058.jpg,90,forward
C:/Code/CapstoneDesign/CapstoneDesign/1213/data/frames/frame_00059.jpg,90,forward
C:/Code/CapstoneDesign/CapstoneDesign/1213/data/frames/frame_00060.jpg,90,forward
C:/Code/CapstoneDesign/CapstoneDesign/1213/data/frames/frame_00061.jpg,90,forward
C:/Code/CapstoneDesign/CapstoneDesign/1213/data/frames/frame_00062.jpg,90,forward
C:/Code/CapstoneDesign/CapstoneDesign/1213/data/frames/frame_00063.jpg,90,forward
C:/Code/CapstoneDesign/CapstoneDesign/1213/data/frames/frame_00064.jpg,90,forward
C:/Code/CapstoneDesign/CapstoneDesign/1213/data/frames/frame_00065.jpg,90,forward
C:/Code/CapstoneDesign/CapstoneDesign/1213/data/frames/frame_00066.jpg,60,forward
C:/Code/CapstoneDesign/CapstoneDesign/1213/data/frames/frame_00067.jpg,90,forward
C:/Code/CapstoneDesign/CapstoneDesign/1213/data/frames/frame_00068.jpg,90,forward
C:/Code/CapstoneDesign/CapstoneDesign/1213/data/frames/frame_00069.jpg,90,forward
C:/Code/CapstoneDesign/CapstoneDesign/1213/data/frames/frame_00070.jpg,90,forward
C:/Code/CapstoneDesign/CapstoneDesign/1213/data/frames/frame_00071.jpg,90,forward
C:/Code/CapstoneDesign/CapstoneDesign/1213/data/frames/frame_00072.jpg,60,forward
C:/Code/CapstoneDesign/CapstoneDesign/1213/data/frames/frame_00073.jpg,60,forward
C:/Code/CapstoneDesign/CapstoneDesign/1213/data/frames/frame_00074.jpg,60,forward
C:/Code/CapstoneDesign/CapstoneDesign/1213/data/frames/frame_00075.jpg,60,forward
C:/Code/CapstoneDesign/CapstoneDesign/1213/data/frames/frame_00076.jpg,90,forward
C:/Code/CapstoneDesign/CapstoneDesign/1213/data/frames/frame_00077.jpg,90,forward
C:/Code/CapstoneDesign/CapstoneDesign/1213/data/frames/frame_00078.jpg,90,forward
C:/Code/CapstoneDesign/CapstoneDesign/1213/data/frames/frame_00079.jpg,90,forward
C:/Code/CapstoneDesign/CapstoneDesign/1213/data/frames/frame_00080.jpg,90,forward
C:/Code/CapstoneDesign/CapstoneDesign/1213/data/frames/frame_00081.jpg,120,forward
C:/Code/CapstoneDesign/CapstoneDesign/1213/data/frames/frame_00082.jpg,120,forward
C:/Code/CapstoneDesign/CapstoneDesign/1213/data/frames/frame_00083.jpg,90,forward
C:/Code/CapstoneDesign/CapstoneDesign/1213/data/frames/frame_00084.jpg,90,forward
C:/Code/CapstoneDesign/CapstoneDesign/1213/data/frames/frame_00085.jpg,90,forward
C:/Code/CapstoneDesign/CapstoneDesign/1213/data/frames/frame_00086.jpg,90,forward
C:/Code/CapstoneDesign/CapstoneDesign/1213/data/frames/frame_00087.jpg,120,forward
C:/Code/CapstoneDesign/CapstoneDesign/1213/data/frames/frame_00088.jpg,120,forward
C:/Code/CapstoneDesign/CapstoneDesign/1213/data/frames/frame_00089.jpg,120,forward
C:/Code/CapstoneDesign/CapstoneDesign/1213/data/frames/frame_00090.jpg,120,forward
C:/Code/CapstoneDesign/CapstoneDesign/1213/data/frames/frame_00091.jpg,120,forward
C:/Code/CapstoneDesign/CapstoneDesign/1213/data/frames/frame_00092.jpg,120,forward
C:/Code/CapstoneDesign/CapstoneDesign/1213/data/frames/frame_00093.jpg,90,forward
C:/Code/CapstoneDesign/CapstoneDesign/1213/data/frames/frame_00094.jpg,90,forward
C:/Code/CapstoneDesign/CapstoneDesign/1213/data/frames/frame_00095.jpg,90,forward
C:/Code/CapstoneDesign/CapstoneDesign/1213/data/frames/frame_00096.jpg,90,forward
C:/Code/CapstoneDesign/CapstoneDesign/1213/data/frames/frame_00097.jpg,90,forward
C:/Code/CapstoneDesign/CapstoneDesign/1213/data/frames/frame_00098.jpg,90,forward
C:/Code/CapstoneDesign/CapstoneDesign/1213/data/frames/frame_00099.jpg,90,forward
C:/Code/CapstoneDesign/CapstoneDesign/1213/data/frames/frame_00100.jpg,60,forward
C:/Code/CapstoneDesign/CapstoneDesign/1213/data/frames/frame_00101.jpg,60,forward
C:/Code/CapstoneDesign/CapstoneDesign/1213/data/frames/frame_00102.jpg,60,forward
C:/Code/CapstoneDesign/CapstoneDesign/1213/data/frames/frame_00103.jpg,60,forward
C:/Code/CapstoneDesign/CapstoneDesign/1213/data/frames/frame_00104.jpg,60,forward
C:/Code/CapstoneDesign/CapstoneDesign/1213/data/frames/frame_00105.jpg,60,forward
C:/Code/CapstoneDesign/CapstoneDesign/1213/data/frames/frame_00106.jpg,60,forward
C:/Code/CapstoneDesign/CapstoneDesign/1213/data/frames/frame_00107.jpg,30,forward
C:/Code/CapstoneDesign/CapstoneDesign/1213/data/frames/frame_00108.jpg,60,forward
C:/Code/CapstoneDesign/CapstoneDesign/1213/data/frames/frame_00109.jpg,60,forward
C:/Code/CapstoneDesign/CapstoneDesign/1213/data/frames/frame_00110.jpg,60,forward
C:/Code/CapstoneDesign/CapstoneDesign/1213/data/frames/frame_00111.jpg,60,forward
C:/Code/CapstoneDesign/CapstoneDesign/1213/data/frames/frame_00112.jpg,90,forward
C:/Code/CapstoneDesign/CapstoneDesign/1213/data/frames/frame_00113.jpg,90,forward
C:/Code/CapstoneDesign/CapstoneDesign/1213/data/frames/frame_00114.jpg,60,forward
C:/Code/CapstoneDesign/CapstoneDesign/1213/data/frames/frame_00115.jpg,30,forward
C:/Code/CapstoneDesign/CapstoneDesign/1213/data/frames/frame_00116.jpg,30,forward
C:/Code/CapstoneDesign/CapstoneDesign/1213/data/frames/frame_00117.jpg,30,forward
C:/Code/CapstoneDesign/CapstoneDesign/1213/data/frames/frame_00118.jpg,30,forward
C:/Code/CapstoneDesign/CapstoneDesign/1213/data/frames/frame_00119.jpg,30,forward
C:/Code/CapstoneDesign/CapstoneDesign/1213/data/frames/frame_00120.jpg,60,forward
C:/Code/CapstoneDesign/CapstoneDesign/1213/data/frames/frame_00121.jpg,60,forward
C:/Code/CapstoneDesign/CapstoneDesign/1213/data/frames/frame_00122.jpg,60,forward
C:/Code/CapstoneDesign/CapstoneDesign/1213/data/frames/frame_00123.jpg,60,forward
C:/Code/CapstoneDesign/CapstoneDesign/1213/data/frames/frame_00124.jpg,60,forward
C:/Code/CapstoneDesign/CapstoneDesign/1213/data/frames/frame_00125.jpg,60,forward
C:/Code/CapstoneDesign/CapstoneDesign/1213/data/frames/frame_00126.jpg,60,forward
C:/Code/CapstoneDesign/CapstoneDesign/1213/data/frames/frame_00127.jpg,90,forward
C:/Code/CapstoneDesign/CapstoneDesign/1213/data/frames/frame_00128.jpg,90,forward
C:/Code/CapstoneDesign/CapstoneDesign/1213/data/frames/frame_00129.jpg,90,forward
C:/Code/CapstoneDesign/CapstoneDesign/1213/data/frames/frame_00130.jpg,90,forward
C:/Code/CapstoneDesign/CapstoneDesign/1213/data/frames/frame_00131.jpg,90,forward
C:/Code/CapstoneDesign/CapstoneDesign/1213/data/frames/frame_00132.jpg,90,forward
C:/Code/CapstoneDesign/CapstoneDesign/1213/data/frames/frame_00133.jpg,90,forward
C:/Code/CapstoneDesign/CapstoneDesign/1213/data/frames/frame_00134.jpg,90,forward
C:/Code/CapstoneDesign/CapstoneDesign/1213/data/frames/frame_00135.jpg,90,forward
C:/Code/CapstoneDesign/CapstoneDesign/1213/data/frames/frame_00136.jpg,90,forward
C:/Code/CapstoneDesign/CapstoneDesign/1213/data/frames/frame_00137.jpg,90,stop
C:/Code/CapstoneDesign/CapstoneDesign/1213/data/frames/frame_00138.jpg,90,stop
C:/Code/CapstoneDesign/CapstoneDesign/1213/data/frames/frame_00139.jpg,90,stop
C:/Code/CapstoneDesign/CapstoneDesign/1213/data/frames/frame_00140.jpg,120,stop
C:/Code/CapstoneDesign/CapstoneDesign/1213/data/frames/frame_00141.jpg,90,stop
C:/Code/CapstoneDesign/CapstoneDesign/1213/data/frames/frame_00142.jpg,90,forward
C:/Code/CapstoneDesign/CapstoneDesign/1213/data/frames/frame_00143.jpg,90,forward
C:/Code/CapstoneDesign/CapstoneDesign/1213/data/frames/frame_00144.jpg,90,forward
C:/Code/CapstoneDesign/CapstoneDesign/1213/data/frames/frame_00145.jpg,90,forward
C:/Code/CapstoneDesign/CapstoneDesign/1213/data/frames/frame_00146.jpg,90,forward
C:/Code/CapstoneDesign/CapstoneDesign/1213/data/frames/frame_00147.jpg,90,forward
C:/Code/CapstoneDesign/CapstoneDesign/1213/data/frames/frame_00148.jpg,90,forward
C:/Code/CapstoneDesign/CapstoneDesign/1213/data/frames/frame_00149.jpg,90,forward
C:/Code/CapstoneDesign/CapstoneDesign/1213/data/frames/frame_00150.jpg,90,forward
C:/Code/CapstoneDesign/CapstoneDesign/1213/data/frames/frame_00151.jpg,60,forward
C:/Code/CapstoneDesign/CapstoneDesign/1213/data/frames/frame_00152.jpg,60,forward
C:/Code/CapstoneDesign/CapstoneDesign/1213/data/frames/frame_00153.jpg,60,forward
C:/Code/CapstoneDesign/CapstoneDesign/1213/data/frames/frame_00154.jpg,90,forward
C:/Code/CapstoneDesign/CapstoneDesign/1213/data/frames/frame_00155.jpg,90,forward
C:/Code/CapstoneDesign/CapstoneDesign/1213/data/frames/frame_00156.jpg,60,forward
C:/Code/CapstoneDesign/CapstoneDesign/1213/data/frames/frame_00157.jpg,60,forward
C:/Code/CapstoneDesign/CapstoneDesign/1213/data/frames/frame_00158.jpg,60,forward
C:/Code/CapstoneDesign/CapstoneDesign/1213/data/frames/frame_00159.jpg,60,forward
C:/Code/CapstoneDesign/CapstoneDesign/1213/data/frames/frame_00160.jpg,60,forward
C:/Code/CapstoneDesign/CapstoneDesign/1213/data/frames/frame_00161.jpg,60,forward
C:/Code/CapstoneDesign/CapstoneDesign/1213/data/frames/frame_00162.jpg,60,forward
C:/Code/CapstoneDesign/CapstoneDesign/1213/data/frames/frame_00163.jpg,60,forward
C:/Code/CapstoneDesign/CapstoneDesign/1213/data/frames/frame_00164.jpg,30,forward
C:/Code/CapstoneDesign/CapstoneDesign/1213/data/frames/frame_00165.jpg,30,forward
C:/Code/CapstoneDesign/CapstoneDesign/1213/data/frames/frame_00166.jpg,30,forward
C:/Code/CapstoneDesign/CapstoneDesign/1213/data/frames/frame_00167.jpg,60,forward
C:/Code/CapstoneDesign/CapstoneDesign/1213/data/frames/frame_00168.jpg,60,forward
C:/Code/CapstoneDesign/CapstoneDesign/1213/data/frames/frame_00169.jpg,60,forward
C:/Code/CapstoneDesign/CapstoneDesign/1213/data/frames/frame_00170.jpg,60,forward
C:/Code/CapstoneDesign/CapstoneDesign/1213/data/frames/frame_00171.jpg,60,forward
C:/Code/CapstoneDesign/CapstoneDesign/1213/data/frames/frame_00172.jpg,60,forward
C:/Code/CapstoneDesign/CapstoneDesign/1213/data/frames/frame_00173.jpg,60,forward
C:/Code/CapstoneDesign/CapstoneDesign/1213/data/frames/frame_00174.jpg,60,forward
C:/Code/CapstoneDesign/CapstoneDesign/1213/data/frames/frame_00175.jpg,60,forward
C:/Code/CapstoneDesign/CapstoneDesign/1213/data/frames/frame_00176.jpg,60,forward
C:/Code/CapstoneDesign/CapstoneDesign/1213/data/frames/frame_00177.jpg,60,forward
C:/Code/CapstoneDesign/CapstoneDesign/1213/data/frames/frame_00178.jpg,90,forward
C:/Code/CapstoneDesign/CapstoneDesign/1213/data/frames/frame_00179.jpg,90,forward
C:/Code/CapstoneDesign/CapstoneDesign/1213/data/frames/frame_00180.jpg,90,forward
C:/Code/CapstoneDesign/CapstoneDesign/1213/data/frames/frame_00181.jpg,90,forward
C:/Code/CapstoneDesign/CapstoneDesign/1213/data/frames/frame_00182.jpg,120,forward
C:/Code/CapstoneDesign/CapstoneDesign/1213/data/frames/frame_00183.jpg,120,forward
C:/Code/CapstoneDesign/CapstoneDesign/1213/data/frames/frame_00184.jpg,120,forward
C:/Code/CapstoneDesign/CapstoneDesign/1213/data/frames/frame_00185.jpg,120,forward
C:/Code/CapstoneDesign/CapstoneDesign/1213/data/frames/frame_00186.jpg,90,forward
C:/Code/CapstoneDesign/CapstoneDesign/1213/data/frames/frame_00187.jpg,90,forward
C:/Code/CapstoneDesign/CapstoneDesign/1213/data/frames/frame_00188.jpg,90,forward
C:/Code/CapstoneDesign/CapstoneDesign/1213/data/frames/frame_00189.jpg,90,forward
C:/Code/CapstoneDesign/CapstoneDesign/1213/data/frames/frame_00190.jpg,90,forward
C:/Code/CapstoneDesign/CapstoneDesign/1213/data/frames/frame_00191.jpg,90,forward
C:/Code/CapstoneDesign/CapstoneDesign/1213/data/frames/frame_00192.jpg,90,forward
C:/Code/CapstoneDesign/CapstoneDesign/1213/data/frames/frame_00193.jpg,90,forward
C:/Code/CapstoneDesign/CapstoneDesign/1213/data/frames/frame_00194.jpg,90,forward
C:/Code/CapstoneDesign/CapstoneDesign/1213/data/frames/frame_00195.jpg,60,forward
C:/Code/CapstoneDesign/CapstoneDesign/1213/data/frames/frame_00196.jpg,60,forward
C:/Code/CapstoneDesign/CapstoneDesign/1213/data/frames/frame_00197.jpg,90,forward
C:/Code/CapstoneDesign/CapstoneDesign/1213/data/frames/frame_00198.jpg,90,stop
C:/Code/CapstoneDesign/CapstoneDesign/1213/data/frames/frame_00199.jpg,90,backward
C:/Code/CapstoneDesign/CapstoneDesign/1213/data/frames/frame_00200.jpg,90,backward
C:/Code/CapstoneDesign/CapstoneDesign/1213/data/frames/frame_00201.jpg,90,stop
C:/Code/CapstoneDesign/CapstoneDesign/1213/data/frames/frame_00202.jpg,90,backward
C:/Code/CapstoneDesign/CapstoneDesign/1213/data/frames/frame_00203.jpg,90,backward
C:/Code/CapstoneDesign/CapstoneDesign/1213/data/frames/frame_00204.jpg,90,backward
C:/Code/CapstoneDesign/CapstoneDesign/1213/data/frames/frame_00205.jpg,90,backward
C:/Code/CapstoneDesign/CapstoneDesign/1213/data/frames/frame_00206.jpg,90,backward
C:/Code/CapstoneDesign/CapstoneDesign/1213/data/frames/frame_00207.jpg,90,backward
C:/Code/CapstoneDesign/CapstoneDesign/1213/data/frames/frame_00208.jpg,90,stop
C:/Code/CapstoneDesign/CapstoneDesign/1213/data/frames/frame_00209.jpg,90,stop
C:/Code/CapstoneDesign/CapstoneDesign/1213/data/frames/frame_00210.jpg,90,stop
C:/Code/CapstoneDesign/CapstoneDesign/1213/data/frames/frame_00211.jpg,90,stop
C:/Code/CapstoneDesign/CapstoneDesign/1213/data/frames/frame_00212.jpg,90,stop
C:/Code/CapstoneDesign/CapstoneDesign/1213/data/frames/frame_00213.jpg,90,stop
C:/Code/CapstoneDesign/CapstoneDesign/1213/data/frames/frame_00214.jpg,90,stop
C:/Code/CapstoneDesign/CapstoneDesign/1213/data/frames/frame_00215.jpg,90,stop
C:/Code/CapstoneDesign/CapstoneDesign/1213/data/frames/frame_00216.jpg,90,forward
C:/Code/CapstoneDesign/CapstoneDesign/1213/data/frames/frame_00217.jpg,90,stop
C:/Code/CapstoneDesign/CapstoneDesign/1213/data/frames/frame_00218.jpg,90,stop
C:/Code/CapstoneDesign/CapstoneDesign/1213/data/frames/frame_00219.jpg,90,forward
C:/Code/CapstoneDesign/CapstoneDesign/1213/data/frames/frame_00220.jpg,90,forward
C:/Code/CapstoneDesign/CapstoneDesign/1213/data/frames/frame_00221.jpg,90,forward
C:/Code/CapstoneDesign/CapstoneDesign/1213/data/frames/frame_00222.jpg,90,forward
C:/Code/CapstoneDesign/CapstoneDesign/1213/data/frames/frame_00223.jpg,90,stop
C:/Code/CapstoneDesign/CapstoneDesign/1213/data/frames/frame_00224.jpg,90,forward
C:/Code/CapstoneDesign/CapstoneDesign/1213/data/frames/frame_00225.jpg,90,forward
C:/Code/CapstoneDesign/CapstoneDesign/1213/data/frames/frame_00226.jpg,90,forward
C:/Code/CapstoneDesign/CapstoneDesign/1213/data/frames/frame_00227.jpg,90,forward
C:/Code/CapstoneDesign/CapstoneDesign/1213/data/frames/frame_00228.jpg,90,forward
C:/Code/CapstoneDesign/CapstoneDesign/1213/data/frames/frame_00229.jpg,90,forward
C:/Code/CapstoneDesign/CapstoneDesign/1213/data/frames/frame_00230.jpg,90,forward
C:/Code/CapstoneDesign/CapstoneDesign/1213/data/frames/frame_00231.jpg,90,forward
C:/Code/CapstoneDesign/CapstoneDesign/1213/data/frames/frame_00232.jpg,90,forward
C:/Code/CapstoneDesign/CapstoneDesign/1213/data/frames/frame_00233.jpg,90,forward
C:/Code/CapstoneDesign/CapstoneDesign/1213/data/frames/frame_00234.jpg,90,forward
C:/Code/CapstoneDesign/CapstoneDesign/1213/data/frames/frame_00235.jpg,60,forward
C:/Code/CapstoneDesign/CapstoneDesign/1213/data/frames/frame_00236.jpg,60,forward
C:/Code/CapstoneDesign/CapstoneDesign/1213/data/frames/frame_00237.jpg,90,forward
C:/Code/CapstoneDesign/CapstoneDesign/1213/data/frames/frame_00238.jpg,90,forward
C:/Code/CapstoneDesign/CapstoneDesign/1213/data/frames/frame_00239.jpg,90,forward
C:/Code/CapstoneDesign/CapstoneDesign/1213/data/frames/frame_00240.jpg,90,forward
C:/Code/CapstoneDesign/CapstoneDesign/1213/data/frames/frame_00241.jpg,90,forward
C:/Code/CapstoneDesign/CapstoneDesign/1213/data/frames/frame_00242.jpg,90,stop
C:/Code/CapstoneDesign/CapstoneDesign/1213/data/frames/frame_00243.jpg,90,stop
C:/Code/CapstoneDesign/CapstoneDesign/1213/data/frames/frame_00244.jpg,90,stop
C:/Code/CapstoneDesign/CapstoneDesign/1213/data/frames/frame_00245.jpg,90,stop
C:/Code/CapstoneDesign/CapstoneDesign/1213/data/frames/frame_00246.jpg,90,forward
C:/Code/CapstoneDesign/CapstoneDesign/1213/data/frames/frame_00247.jpg,90,forward
C:/Code/CapstoneDesign/CapstoneDesign/1213/data/frames/frame_00248.jpg,90,forward
C:/Code/CapstoneDesign/CapstoneDesign/1213/data/frames/frame_00249.jpg,90,forward
C:/Code/CapstoneDesign/CapstoneDesign/1213/data/frames/frame_00250.jpg,120,forward
C:/Code/CapstoneDesign/CapstoneDesign/1213/data/frames/frame_00251.jpg,120,forward
C:/Code/CapstoneDesign/CapstoneDesign/1213/data/frames/frame_00252.jpg,90,forward
C:/Code/CapstoneDesign/CapstoneDesign/1213/data/frames/frame_00253.jpg,90,forward
C:/Code/CapstoneDesign/CapstoneDesign/1213/data/frames/frame_00254.jpg,60,forward
C:/Code/CapstoneDesign/CapstoneDesign/1213/data/frames/frame_00255.jpg,60,forward
C:/Code/CapstoneDesign/CapstoneDesign/1213/data/frames/frame_00256.jpg,60,forward
C:/Code/CapstoneDesign/CapstoneDesign/1213/data/frames/frame_00257.jpg,60,forward
C:/Code/CapstoneDesign/CapstoneDesign/1213/data/frames/frame_00258.jpg,90,forward
C:/Code/CapstoneDesign/CapstoneDesign/1213/data/frames/frame_00259.jpg,90,forward
C:/Code/CapstoneDesign/CapstoneDesign/1213/data/frames/frame_00260.jpg,90,forward
C:/Code/CapstoneDesign/CapstoneDesign/1213/data/frames/frame_00261.jpg,90,forward
C:/Code/CapstoneDesign/CapstoneDesign/1213/data/frames/frame_00262.jpg,90,forward
C:/Code/CapstoneDesign/CapstoneDesign/1213/data/frames/frame_00263.jpg,60,forward
C:/Code/CapstoneDesign/CapstoneDesign/1213/data/frames/frame_00264.jpg,60,forward
C:/Code/CapstoneDesign/CapstoneDesign/1213/data/frames/frame_00265.jpg,60,forward
C:/Code/CapstoneDesign/CapstoneDesign/1213/data/frames/frame_00266.jpg,60,forward
C:/Code/CapstoneDesign/CapstoneDesign/1213/data/frames/frame_00267.jpg,60,forward
C:/Code/CapstoneDesign/CapstoneDesign/1213/data/frames/frame_00268.jpg,60,forward
C:/Code/CapstoneDesign/CapstoneDesign/1213/data/frames/frame_00269.jpg,60,forward
C:/Code/CapstoneDesign/CapstoneDesign/1213/data/frames/frame_00270.jpg,60,forward
C:/Code/CapstoneDesign/CapstoneDesign/1213/data/frames/frame_00271.jpg,60,forward
C:/Code/CapstoneDesign/CapstoneDesign/1213/data/frames/frame_00272.jpg,60,forward
C:/Code/CapstoneDesign/CapstoneDesign/1213/data/frames/frame_00273.jpg,60,forward
C:/Code/CapstoneDesign/CapstoneDesign/1213/data/frames/frame_00274.jpg,60,forward
C:/Code/CapstoneDesign/CapstoneDesign/1213/data/frames/frame_00275.jpg,60,forward
C:/Code/CapstoneDesign/CapstoneDesign/1213/data/frames/frame_00276.jpg,30,forward
C:/Code/CapstoneDesign/CapstoneDesign/1213/data/frames/frame_00277.jpg,30,forward
C:/Code/CapstoneDesign/CapstoneDesign/1213/data/frames/frame_00278.jpg,60,forward
C:/Code/CapstoneDesign/CapstoneDesign/1213/data/frames/frame_00279.jpg,60,forward
C:/Code/CapstoneDesign/CapstoneDesign/1213/data/frames/frame_00280.jpg,60,forward
C:/Code/CapstoneDesign/CapstoneDesign/1213/data/frames/frame_00281.jpg,60,forward
C:/Code/CapstoneDesign/CapstoneDesign/1213/data/frames/frame_00282.jpg,90,forward
C:/Code/CapstoneDesign/CapstoneDesign/1213/data/frames/frame_00283.jpg,90,forward
C:/Code/CapstoneDesign/CapstoneDesign/1213/data/frames/frame_00284.jpg,90,forward
C:/Code/CapstoneDesign/CapstoneDesign/1213/data/frames/frame_00285.jpg,60,forward
C:/Code/CapstoneDesign/CapstoneDesign/1213/data/frames/frame_00286.jpg,60,forward
C:/Code/CapstoneDesign/CapstoneDesign/1213/data/frames/frame_00287.jpg,90,forward
C:/Code/CapstoneDesign/CapstoneDesign/1213/data/frames/frame_00288.jpg,90,forward
C:/Code/CapstoneDesign/CapstoneDesign/1213/data/frames/frame_00289.jpg,90,forward
C:/Code/CapstoneDesign/CapstoneDesign/1213/data/frames/frame_00290.jpg,90,forward
C:/Code/CapstoneDesign/CapstoneDesign/1213/data/frames/frame_00291.jpg,90,forward
C:/Code/CapstoneDesign/CapstoneDesign/1213/data/frames/frame_00292.jpg,90,forward
C:/Code/CapstoneDesign/CapstoneDesign/1213/data/frames/frame_00293.jpg,90,forward
C:/Code/CapstoneDesign/CapstoneDesign/1213/data/frames/frame_00294.jpg,60,forward
C:/Code/CapstoneDesign/CapstoneDesign/1213/data/frames/frame_00295.jpg,90,forward
C:/Code/CapstoneDesign/CapstoneDesign/1213/data/frames/frame_00296.jpg,90,forward
C:/Code/CapstoneDesign/CapstoneDesign/1213/data/frames/frame_00297.jpg,90,forward
C:/Code/CapstoneDesign/CapstoneDesign/1213/data/frames/frame_00298.jpg,90,forward
C:/Code/CapstoneDesign/CapstoneDesign/1213/data/frames/frame_00299.jpg,90,forward
C:/Code/CapstoneDesign/CapstoneDesign/1213/data/frames/frame_00300.jpg,60,forward
C:/Code/CapstoneDesign/CapstoneDesign/1213/data/frames/frame_00301.jpg,90,forward
C:/Code/CapstoneDesign/CapstoneDesign/1213/data/frames/frame_00302.jpg,90,forward
C:/Code/CapstoneDesign/CapstoneDesign/1213/data/frames/frame_00303.jpg,90,forward
C:/Code/CapstoneDesign/CapstoneDesign/1213/data/frames/frame_00304.jpg,90,forward
C:/Code/CapstoneDesign/CapstoneDesign/1213/data/frames/frame_00305.jpg,60,forward
C:/Code/CapstoneDesign/CapstoneDesign/1213/data/frames/frame_00306.jpg,60,forward
C:/Code/CapstoneDesign/CapstoneDesign/1213/data/frames/frame_00307.jpg,60,forward
C:/Code/CapstoneDesign/CapstoneDesign/1213/data/frames/frame_00308.jpg,60,forward
C:/Code/CapstoneDesign/CapstoneDesign/1213/data/frames/frame_00309.jpg,90,forward
C:/Code/CapstoneDesign/CapstoneDesign/1213/data/frames/frame_00310.jpg,90,forward
C:/Code/CapstoneDesign/CapstoneDesign/1213/data/frames/frame_00311.jpg,90,forward
C:/Code/CapstoneDesign/CapstoneDesign/1213/data/frames/frame_00312.jpg,120,forward
C:/Code/CapstoneDesign/CapstoneDesign/1213/data/frames/frame_00313.jpg,120,forward
C:/Code/CapstoneDesign/CapstoneDesign/1213/data/frames/frame_00314.jpg,120,forward
C:/Code/CapstoneDesign/CapstoneDesign/1213/data/frames/frame_00315.jpg,120,forward
C:/Code/CapstoneDesign/CapstoneDesign/1213/data/frames/frame_00316.jpg,90,forward
C:/Code/CapstoneDesign/CapstoneDesign/1213/data/frames/frame_00317.jpg,90,forward
C:/Code/CapstoneDesign/CapstoneDesign/1213/data/frames/frame_00318.jpg,90,forward
C:/Code/CapstoneDesign/CapstoneDesign/1213/data/frames/frame_00319.jpg,90,forward
C:/Code/CapstoneDesign/CapstoneDesign/1213/data/frames/frame_00320.jpg,90,forward
C:/Code/CapstoneDesign/CapstoneDesign/1213/data/frames/frame_00321.jpg,90,forward
C:/Code/CapstoneDesign/CapstoneDesign/1213/data/frames/frame_00322.jpg,90,forward
C:/Code/CapstoneDesign/CapstoneDesign/1213/data/frames/frame_00323.jpg,90,forward
C:/Code/CapstoneDesign/CapstoneDesign/1213/data/frames/frame_00324.jpg,120,forward
C:/Code/CapstoneDesign/CapstoneDesign/1213/data/frames/frame_00325.jpg,120,forward
C:/Code/CapstoneDesign/CapstoneDesign/1213/data/frames/frame_00326.jpg,120,forward
C:/Code/CapstoneDesign/CapstoneDesign/1213/data/frames/frame_00327.jpg,90,forward
C:/Code/CapstoneDesign/CapstoneDesign/1213/data/frames/frame_00328.jpg,90,forward
C:/Code/CapstoneDesign/CapstoneDesign/1213/data/frames/frame_00329.jpg,90,forward
C:/Code/CapstoneDesign/CapstoneDesign/1213/data/frames/frame_00330.jpg,90,forward
C:/Code/CapstoneDesign/CapstoneDesign/1213/data/frames/frame_00331.jpg,90,forward
C:/Code/CapstoneDesign/CapstoneDesign/1213/data/frames/frame_00332.jpg,90,forward
C:/Code/CapstoneDesign/CapstoneDesign/1213/data/frames/frame_00333.jpg,60,forward
C:/Code/CapstoneDesign/CapstoneDesign/1213/data/frames/frame_00334.jpg,60,forward
C:/Code/CapstoneDesign/CapstoneDesign/1213/data/frames/frame_00335.jpg,60,forward
C:/Code/CapstoneDesign/CapstoneDesign/1213/data/frames/frame_00336.jpg,30,forward
C:/Code/CapstoneDesign/CapstoneDesign/1213/data/frames/frame_00337.jpg,30,forward
C:/Code/CapstoneDesign/CapstoneDesign/1213/data/frames/frame_00338.jpg,60,forward
C:/Code/CapstoneDesign/CapstoneDesign/1213/data/frames/frame_00339.jpg,60,forward
C:/Code/CapstoneDesign/CapstoneDesign/1213/data/frames/frame_00340.jpg,60,forward
C:/Code/CapstoneDesign/CapstoneDesign/1213/data/frames/frame_00341.jpg,60,forward
C:/Code/CapstoneDesign/CapstoneDesign/1213/data/frames/frame_00342.jpg,60,forward
C:/Code/CapstoneDesign/CapstoneDesign/1213/data/frames/frame_00343.jpg,90,forward
C:/Code/CapstoneDesign/CapstoneDesign/1213/data/frames/frame_00344.jpg,60,forward
C:/Code/CapstoneDesign/CapstoneDesign/1213/data/frames/frame_00345.jpg,60,forward
C:/Code/CapstoneDesign/CapstoneDesign/1213/data/frames/frame_00346.jpg,30,forward
C:/Code/CapstoneDesign/CapstoneDesign/1213/data/frames/frame_00347.jpg,30,forward
C:/Code/CapstoneDesign/CapstoneDesign/1213/data/frames/frame_00348.jpg,30,forward
C:/Code/CapstoneDesign/CapstoneDesign/1213/data/frames/frame_00349.jpg,30,forward
C:/Code/CapstoneDesign/CapstoneDesign/1213/data/frames/frame_00350.jpg,30,forward
C:/Code/CapstoneDesign/CapstoneDesign/1213/data/frames/frame_00351.jpg,30,forward
C:/Code/CapstoneDesign/CapstoneDesign/1213/data/frames/frame_00352.jpg,30,forward
C:/Code/CapstoneDesign/CapstoneDesign/1213/data/frames/frame_00353.jpg,60,forward
C:/Code/CapstoneDesign/CapstoneDesign/1213/data/frames/frame_00354.jpg,60,forward
C:/Code/CapstoneDesign/CapstoneDesign/1213/data/frames/frame_00355.jpg,60,forward
C:/Code/CapstoneDesign/CapstoneDesign/1213/data/frames/frame_00356.jpg,60,forward
C:/Code/CapstoneDesign/CapstoneDesign/1213/data/frames/frame_00357.jpg,60,forward
C:/Code/CapstoneDesign/CapstoneDesign/1213/data/frames/frame_00358.jpg,60,forward
C:/Code/CapstoneDesign/CapstoneDesign/1213/data/frames/frame_00359.jpg,90,forward
C:/Code/CapstoneDesign/CapstoneDesign/1213/data/frames/frame_00360.jpg,90,forward
C:/Code/CapstoneDesign/CapstoneDesign/1213/data/frames/frame_00361.jpg,90,forward
C:/Code/CapstoneDesign/CapstoneDesign/1213/data/frames/frame_00362.jpg,90,stop
C:/Code/CapstoneDesign/CapstoneDesign/1213/data/frames/frame_00363.jpg,90,forward
C:/Code/CapstoneDesign/CapstoneDesign/1213/data/frames/frame_00364.jpg,90,forward
C:/Code/CapstoneDesign/CapstoneDesign/1213/data/frames/frame_00365.jpg,90,forward
C:/Code/CapstoneDesign/CapstoneDesign/1213/data/frames/frame_00366.jpg,90,forward
C:/Code/CapstoneDesign/CapstoneDesign/1213/data/frames/frame_00367.jpg,90,forward
C:/Code/CapstoneDesign/CapstoneDesign/1213/data/frames/frame_00368.jpg,90,forward
C:/Code/CapstoneDesign/CapstoneDesign/1213/data/frames/frame_00369.jpg,90,stop
C:/Code/CapstoneDesign/CapstoneDesign/1213/data/frames/frame_00370.jpg,60,stop
C:/Code/CapstoneDesign/CapstoneDesign/1213/data/frames/frame_00371.jpg,90,stop
C:/Code/CapstoneDesign/CapstoneDesign/1213/data/frames/frame_00372.jpg,90,forward
C:/Code/CapstoneDesign/CapstoneDesign/1213/data/frames/frame_00373.jpg,90,forward
C:/Code/CapstoneDesign/CapstoneDesign/1213/data/frames/frame_00374.jpg,90,forward
C:/Code/CapstoneDesign/CapstoneDesign/1213/data/frames/frame_00375.jpg,90,forward
C:/Code/CapstoneDesign/CapstoneDesign/1213/data/frames/frame_00376.jpg,90,forward
C:/Code/CapstoneDesign/CapstoneDesign/1213/data/frames/frame_00377.jpg,90,forward
C:/Code/CapstoneDesign/CapstoneDesign/1213/data/frames/frame_00378.jpg,90,forward
C:/Code/CapstoneDesign/CapstoneDesign/1213/data/frames/frame_00379.jpg,120,forward
C:/Code/CapstoneDesign/CapstoneDesign/1213/data/frames/frame_00380.jpg,90,forward
C:/Code/CapstoneDesign/CapstoneDesign/1213/data/frames/frame_00381.jpg,90,forward
C:/Code/CapstoneDesign/CapstoneDesign/1213/data/frames/frame_00382.jpg,60,forward
C:/Code/CapstoneDesign/CapstoneDesign/1213/data/frames/frame_00383.jpg,60,forward
C:/Code/CapstoneDesign/CapstoneDesign/1213/data/frames/frame_00384.jpg,90,forward
C:/Code/CapstoneDesign/CapstoneDesign/1213/data/frames/frame_00385.jpg,90,forward
C:/Code/CapstoneDesign/CapstoneDesign/1213/data/frames/frame_00386.jpg,90,stop
C:/Code/CapstoneDesign/CapstoneDesign/1213/data/frames/frame_00387.jpg,90,stop
C:/Code/CapstoneDesign/CapstoneDesign/1213/data/frames/frame_00388.jpg,90,stop
C:/Code/CapstoneDesign/CapstoneDesign/1213/data/frames/frame_00389.jpg,90,stop
C:/Code/CapstoneDesign/CapstoneDesign/1213/data/frames/frame_00390.jpg,90,stop
C:/Code/CapstoneDesign/CapstoneDesign/1213/data/frames/frame_00391.jpg,90,forward
C:/Code/CapstoneDesign/CapstoneDesign/1213/data/frames/frame_00392.jpg,90,forward
C:/Code/CapstoneDesign/CapstoneDesign/1213/data/frames/frame_00393.jpg,60,forward
C:/Code/CapstoneDesign/CapstoneDesign/1213/data/frames/frame_00394.jpg,60,forward
C:/Code/CapstoneDesign/CapstoneDesign/1213/data/frames/frame_00395.jpg,60,forward
C:/Code/CapstoneDesign/CapstoneDesign/1213/data/frames/frame_00396.jpg,60,forward
C:/Code/CapstoneDesign/CapstoneDesign/1213/data/frames/frame_00397.jpg,60,forward
C:/Code/CapstoneDesign/CapstoneDesign/1213/data/frames/frame_00398.jpg,60,forward
C:/Code/CapstoneDesign/CapstoneDesign/1213/data/frames/frame_00399.jpg,60,forward
C:/Code/CapstoneDesign/CapstoneDesign/1213/data/frames/frame_00400.jpg,60,forward
C:/Code/CapstoneDesign/CapstoneDesign/1213/data/frames/frame_00401.jpg,30,forward
C:/Code/CapstoneDesign/CapstoneDesign/1213/data/frames/frame_00402.jpg,30,forward
C:/Code/CapstoneDesign/CapstoneDesign/1213/data/frames/frame_00403.jpg,30,forward
C:/Code/CapstoneDesign/CapstoneDesign/1213/data/frames/frame_00404.jpg,30,forward
C:/Code/CapstoneDesign/CapstoneDesign/1213/data/frames/frame_00405.jpg,30,forward
C:/Code/CapstoneDesign/CapstoneDesign/1213/data/frames/frame_00406.jpg,60,forward
C:/Code/CapstoneDesign/CapstoneDesign/1213/data/frames/frame_00407.jpg,60,forward
C:/Code/CapstoneDesign/CapstoneDesign/1213/data/frames/frame_00408.jpg,60,forward
C:/Code/CapstoneDesign/CapstoneDesign/1213/data/frames/frame_00409.jpg,60,forward
C:/Code/CapstoneDesign/CapstoneDesign/1213/data/frames/frame_00410.jpg,60,forward
C:/Code/CapstoneDesign/CapstoneDesign/1213/data/frames/frame_00411.jpg,60,forward
C:/Code/CapstoneDesign/CapstoneDesign/1213/data/frames/frame_00412.jpg,60,forward
C:/Code/CapstoneDesign/CapstoneDesign/1213/data/frames/frame_00413.jpg,60,forward
C:/Code/CapstoneDesign/CapstoneDesign/1213/data/frames/frame_00414.jpg,60,forward
C:/Code/CapstoneDesign/CapstoneDesign/1213/data/frames/frame_00415.jpg,60,forward
C:/Code/CapstoneDesign/CapstoneDesign/1213/data/frames/frame_00416.jpg,60,forward
C:/Code/CapstoneDesign/CapstoneDesign/1213/data/frames/frame_00417.jpg,60,forward
C:/Code/CapstoneDesign/CapstoneDesign/1213/data/frames/frame_00418.jpg,60,forward
C:/Code/CapstoneDesign/CapstoneDesign/1213/data/frames/frame_00419.jpg,60,forward
C:/Code/CapstoneDesign/CapstoneDesign/1213/data/frames/frame_00420.jpg,60,forward
C:/Code/CapstoneDesign/CapstoneDesign/1213/data/frames/frame_00421.jpg,60,forward
C:/Code/CapstoneDesign/CapstoneDesign/1213/data/frames/frame_00422.jpg,60,forward
C:/Code/CapstoneDesign/CapstoneDesign/1213/data/frames/frame_00423.jpg,90,forward
C:/Code/CapstoneDesign/CapstoneDesign/1213/data/frames/frame_00424.jpg,90,forward
C:/Code/CapstoneDesign/CapstoneDesign/1213/data/frames/frame_00425.jpg,90,stop
C:/Code/CapstoneDesign/CapstoneDesign/1213/data/frames/frame_00426.jpg,90,stop
C:/Code/CapstoneDesign/CapstoneDesign/1213/data/frames/frame_00427.jpg,90,stop
C:/Code/CapstoneDesign/CapstoneDesign/1213/data/frames/frame_00428.jpg,120,stop
C:/Code/CapstoneDesign/CapstoneDesign/1213/data/frames/frame_00429.jpg,90,stop
C:/Code/CapstoneDesign/CapstoneDesign/1213/data/frames/frame_00430.jpg,90,forward
C:/Code/CapstoneDesign/CapstoneDesign/1213/data/frames/frame_00431.jpg,90,forward
C:/Code/CapstoneDesign/CapstoneDesign/1213/data/frames/frame_00432.jpg,90,forward
C:/Code/CapstoneDesign/CapstoneDesign/1213/data/frames/frame_00433.jpg,90,forward
C:/Code/CapstoneDesign/CapstoneDesign/1213/data/frames/frame_00434.jpg,90,forward
C:/Code/CapstoneDesign/CapstoneDesign/1213/data/frames/frame_00435.jpg,90,forward
C:/Code/CapstoneDesign/CapstoneDesign/1213/data/frames/frame_00436.jpg,120,forward
C:/Code/CapstoneDesign/CapstoneDesign/1213/data/frames/frame_00437.jpg,120,forward
C:/Code/CapstoneDesign/CapstoneDesign/1213/data/frames/frame_00438.jpg,120,forward
C:/Code/CapstoneDesign/CapstoneDesign/1213/data/frames/frame_00439.jpg,120,forward
C:/Code/CapstoneDesign/CapstoneDesign/1213/data/frames/frame_00440.jpg,120,forward
C:/Code/CapstoneDesign/CapstoneDesign/1213/data/frames/frame_00441.jpg,120,forward
C:/Code/CapstoneDesign/CapstoneDesign/1213/data/frames/frame_00442.jpg,120,forward
C:/Code/CapstoneDesign/CapstoneDesign/1213/data/frames/frame_00443.jpg,120,forward
C:/Code/CapstoneDesign/CapstoneDesign/1213/data/frames/frame_00444.jpg,120,forward
C:/Code/CapstoneDesign/CapstoneDesign/1213/data/frames/frame_00445.jpg,120,forward
C:/Code/CapstoneDesign/CapstoneDesign/1213/data/frames/frame_00446.jpg,120,forward
C:/Code/CapstoneDesign/CapstoneDesign/1213/data/frames/frame_00447.jpg,120,forward
C:/Code/CapstoneDesign/CapstoneDesign/1213/data/frames/frame_00448.jpg,120,forward
C:/Code/CapstoneDesign/CapstoneDesign/1213/data/frames/frame_00449.jpg,120,forward
C:/Code/CapstoneDesign/CapstoneDesign/1213/data/frames/frame_00450.jpg,120,forward
C:/Code/CapstoneDesign/CapstoneDesign/1213/data/frames/frame_00451.jpg,120,forward
C:/Code/CapstoneDesign/CapstoneDesign/1213/data/frames/frame_00452.jpg,120,forward
C:/Code/CapstoneDesign/CapstoneDesign/1213/data/frames/frame_00453.jpg,120,forward
C:/Code/CapstoneDesign/CapstoneDesign/1213/data/frames/frame_00454.jpg,120,forward
C:/Code/CapstoneDesign/CapstoneDesign/1213/data/frames/frame_00455.jpg,120,forward
C:/Code/CapstoneDesign/CapstoneDesign/1213/data/frames/frame_00456.jpg,120,forward
C:/Code/CapstoneDesign/CapstoneDesign/1213/data/frames/frame_00457.jpg,120,forward
C:/Code/CapstoneDesign/CapstoneDesign/1213/data/frames/frame_00458.jpg,120,forward
C:/Code/CapstoneDesign/CapstoneDesign/1213/data/frames/frame_00459.jpg,120,forward
C:/Code/CapstoneDesign/CapstoneDesign/1213/data/frames/frame_00460.jpg,120,forward
C:/Code/CapstoneDesign/CapstoneDesign/1213/data/frames/frame_00461.jpg,120,forward
C:/Code/CapstoneDesign/CapstoneDesign/1213/data/frames/frame_00462.jpg,90,forward
C:/Code/CapstoneDesign/CapstoneDesign/1213/data/frames/frame_00463.jpg,90,forward
C:/Code/CapstoneDesign/CapstoneDesign/1213/data/frames/frame_00464.jpg,90,forward
C:/Code/CapstoneDesign/CapstoneDesign/1213/data/frames/frame_00465.jpg,60,forward
C:/Code/CapstoneDesign/CapstoneDesign/1213/data/frames/frame_00466.jpg,60,forward
C:/Code/CapstoneDesign/CapstoneDesign/1213/data/frames/frame_00467.jpg,90,forward
C:/Code/CapstoneDesign/CapstoneDesign/1213/data/frames/frame_00468.jpg,90,forward
C:/Code/CapstoneDesign/CapstoneDesign/1213/data/frames/frame_00469.jpg,90,forward
C:/Code/CapstoneDesign/CapstoneDesign/1213/data/frames/frame_00470.jpg,90,forward
C:/Code/CapstoneDesign/CapstoneDesign/1213/data/frames/frame_00471.jpg,90,forward
C:/Code/CapstoneDesign/CapstoneDesign/1213/data/frames/frame_00472.jpg,90,forward
C:/Code/CapstoneDesign/CapstoneDesign/1213/data/frames/frame_00473.jpg,90,forward
C:/Code/CapstoneDesign/CapstoneDesign/1213/data/frames/frame_00474.jpg,90,forward
C:/Code/CapstoneDesign/CapstoneDesign/1213/data/frames/frame_00475.jpg,90,forward
C:/Code/CapstoneDesign/CapstoneDesign/1213/data/frames/frame_00476.jpg,90,forward
C:/Code/CapstoneDesign/CapstoneDesign/1213/data/frames/frame_00477.jpg,90,stop
C:/Code/CapstoneDesign/CapstoneDesign/1213/data/frames/frame_00478.jpg,90,stop
C:/Code/CapstoneDesign/CapstoneDesign/1213/data/frames/frame_00479.jpg,90,forward
C:/Code/CapstoneDesign/CapstoneDesign/1213/data/frames/frame_00480.jpg,90,forward
C:/Code/CapstoneDesign/CapstoneDesign/1213/data/frames/frame_00481.jpg,90,stop
C:/Code/CapstoneDesign/CapstoneDesign/1213/data/frames/frame_00482.jpg,90,stop
C:/Code/CapstoneDesign/CapstoneDesign/1213/data/frames/frame_00483.jpg,90,stop
C:/Code/CapstoneDesign/CapstoneDesign/1213/data/frames/frame_00484.jpg,90,stop
C:/Code/CapstoneDesign/CapstoneDesign/1213/data/frames/frame_00485.jpg,60,stop
C:/Code/CapstoneDesign/CapstoneDesign/1213/data/frames/frame_00486.jpg,60,forward
C:/Code/CapstoneDesign/CapstoneDesign/1213/data/frames/frame_00487.jpg,60,forward
C:/Code/CapstoneDesign/CapstoneDesign/1213/data/frames/frame_00488.jpg,60,stop
C:/Code/CapstoneDesign/CapstoneDesign/1213/data/frames/frame_00489.jpg,60,stop
C:/Code/CapstoneDesign/CapstoneDesign/1213/data/frames/frame_00490.jpg,60,forward
C:/Code/CapstoneDesign/CapstoneDesign/1213/data/frames/frame_00491.jpg,60,stop
C:/Code/CapstoneDesign/CapstoneDesign/1213/data/frames/frame_00492.jpg,60,stop
C:/Code/CapstoneDesign/CapstoneDesign/1213/data/frames/frame_00493.jpg,60,stop
C:/Code/CapstoneDesign/CapstoneDesign/1213/data/frames/frame_00494.jpg,60,forward
C:/Code/CapstoneDesign/CapstoneDesign/1213/data/frames/frame_00495.jpg,60,forward
C:/Code/CapstoneDesign/CapstoneDesign/1213/data/frames/frame_00496.jpg,90,forward
C:/Code/CapstoneDesign/CapstoneDesign/1213/data/frames/frame_00497.jpg,90,forward
C:/Code/CapstoneDesign/CapstoneDesign/1213/data/frames/frame_00498.jpg,90,forward
C:/Code/CapstoneDesign/CapstoneDesign/1213/data/frames/frame_00499.jpg,90,forward
C:/Code/CapstoneDesign/CapstoneDesign/1213/data/frames/frame_00500.jpg,90,forward
C:/Code/CapstoneDesign/CapstoneDesign/1213/data/frames/frame_00501.jpg,90,stop
C:/Code/CapstoneDesign/CapstoneDesign/1213/data/frames/frame_00502.jpg,90,stop
C:/Code/CapstoneDesign/CapstoneDesign/1213/data/frames/frame_00503.jpg,90,stop
C:/Code/CapstoneDesign/CapstoneDesign/1213/data/frames/frame_00504.jpg,90,forward
C:/Code/CapstoneDesign/CapstoneDesign/1213/data/frames/frame_00505.jpg,90,forward
C:/Code/CapstoneDesign/CapstoneDesign/1213/data/frames/frame_00506.jpg,90,forward
C:/Code/CapstoneDesign/CapstoneDesign/1213/data/frames/frame_00507.jpg,90,forward
C:/Code/CapstoneDesign/CapstoneDesign/1213/data/frames/frame_00508.jpg,90,forward
C:/Code/CapstoneDesign/CapstoneDesign/1213/data/frames/frame_00509.jpg,90,forward
C:/Code/CapstoneDesign/CapstoneDesign/1213/data/frames/frame_00510.jpg,90,forward
C:/Code/CapstoneDesign/CapstoneDesign/1213/data/frames/frame_00511.jpg,90,forward
C:/Code/CapstoneDesign/CapstoneDesign/1213/data/frames/frame_00512.jpg,90,forward
C:/Code/CapstoneDesign/CapstoneDesign/1213/data/frames/frame_00513.jpg,60,forward
C:/Code/CapstoneDesign/CapstoneDesign/1213/data/frames/frame_00514.jpg,60,forward
C:/Code/CapstoneDesign/CapstoneDesign/1213/data/frames/frame_00515.jpg,90,forward
C:/Code/CapstoneDesign/CapstoneDesign/1213/data/frames/frame_00516.jpg,90,forward
C:/Code/CapstoneDesign/CapstoneDesign/1213/data/frames/frame_00517.jpg,90,forward
C:/Code/CapstoneDesign/CapstoneDesign/1213/data/frames/frame_00518.jpg,90,forward
C:/Code/CapstoneDesign/CapstoneDesign/1213/data/frames/frame_00519.jpg,90,forward
C:/Code/CapstoneDesign/CapstoneDesign/1213/data/frames/frame_00520.jpg,90,forward
C:/Code/CapstoneDesign/CapstoneDesign/1213/data/frames/frame_00521.jpg,90,forward
C:/Code/CapstoneDesign/CapstoneDesign/1213/data/frames/frame_00522.jpg,90,forward
C:/Code/CapstoneDesign/CapstoneDesign/1213/data/frames/frame_00523.jpg,90,forward
C:/Code/CapstoneDesign/CapstoneDesign/1213/data/frames/frame_00524.jpg,60,forward
C:/Code/CapstoneDesign/CapstoneDesign/1213/data/frames/frame_00525.jpg,90,forward
C:/Code/CapstoneDesign/CapstoneDesign/1213/data/frames/frame_00526.jpg,90,forward
C:/Code/CapstoneDesign/CapstoneDesign/1213/data/frames/frame_00527.jpg,90,forward
C:/Code/CapstoneDesign/CapstoneDesign/1213/data/frames/frame_00528.jpg,60,forward
C:/Code/CapstoneDesign/CapstoneDesign/1213/data/frames/frame_00529.jpg,60,forward
C:/Code/CapstoneDesign/CapstoneDesign/1213/data/frames/frame_00530.jpg,60,forward
C:/Code/CapstoneDesign/CapstoneDesign/1213/data/frames/frame_00531.jpg,60,stop
C:/Code/CapstoneDesign/CapstoneDesign/1213/data/frames/frame_00532.jpg,60,stop
C:/Code/CapstoneDesign/CapstoneDesign/1213/data/frames/frame_00533.jpg,60,stop
C:/Code/CapstoneDesign/CapstoneDesign/1213/data/frames/frame_00534.jpg,60,forward
C:/Code/CapstoneDesign/CapstoneDesign/1213/data/frames/frame_00535.jpg,60,forward
C:/Code/CapstoneDesign/CapstoneDesign/1213/data/frames/frame_00536.jpg,60,forward
C:/Code/CapstoneDesign/CapstoneDesign/1213/data/frames/frame_00537.jpg,60,forward
C:/Code/CapstoneDesign/CapstoneDesign/1213/data/frames/frame_00538.jpg,60,forward
C:/Code/CapstoneDesign/CapstoneDesign/1213/data/frames/frame_00539.jpg,60,forward
C:/Code/CapstoneDesign/CapstoneDesign/1213/data/frames/frame_00540.jpg,60,forward
C:/Code/CapstoneDesign/CapstoneDesign/1213/data/frames/frame_00541.jpg,60,forward
C:/Code/CapstoneDesign/CapstoneDesign/1213/data/frames/frame_00542.jpg,30,forward
C:/Code/CapstoneDesign/CapstoneDesign/1213/data/frames/frame_00543.jpg,30,forward
C:/Code/CapstoneDesign/CapstoneDesign/1213/data/frames/frame_00544.jpg,60,forward
C:/Code/CapstoneDesign/CapstoneDesign/1213/data/frames/frame_00545.jpg,60,forward
C:/Code/CapstoneDesign/CapstoneDesign/1213/data/frames/frame_00546.jpg,60,forward
C:/Code/CapstoneDesign/CapstoneDesign/1213/data/frames/frame_00547.jpg,60,forward
C:/Code/CapstoneDesign/CapstoneDesign/1213/data/frames/frame_00548.jpg,60,forward
C:/Code/CapstoneDesign/CapstoneDesign/1213/data/frames/frame_00549.jpg,60,forward
C:/Code/CapstoneDesign/CapstoneDesign/1213/data/frames/frame_00550.jpg,60,forward
C:/Code/CapstoneDesign/CapstoneDesign/1213/data/frames/frame_00551.jpg,60,forward
C:/Code/CapstoneDesign/CapstoneDesign/1213/data/frames/frame_00552.jpg,60,forward
C:/Code/CapstoneDesign/CapstoneDesign/1213/data/frames/frame_00553.jpg,60,forward
C:/Code/CapstoneDesign/CapstoneDesign/1213/data/frames/frame_00554.jpg,60,forward
C:/Code/CapstoneDesign/CapstoneDesign/1213/data/frames/frame_00555.jpg,60,forward
C:/Code/CapstoneDesign/CapstoneDesign/1213/data/frames/frame_00556.jpg,60,forward
C:/Code/CapstoneDesign/CapstoneDesign/1213/data/frames/frame_00557.jpg,90,forward
C:/Code/CapstoneDesign/CapstoneDesign/1213/data/frames/frame_00558.jpg,90,forward
C:/Code/CapstoneDesign/CapstoneDesign/1213/data/frames/frame_00559.jpg,90,forward
C:/Code/CapstoneDesign/CapstoneDesign/1213/data/frames/frame_00560.jpg,60,stop
C:/Code/CapstoneDesign/CapstoneDesign/1213/data/frames/frame_00561.jpg,60,stop
C:/Code/CapstoneDesign/CapstoneDesign/1213/data/frames/frame_00562.jpg,60,forward
C:/Code/CapstoneDesign/CapstoneDesign/1213/data/frames/frame_00563.jpg,60,forward
C:/Code/CapstoneDesign/CapstoneDesign/1213/data/frames/frame_00564.jpg,60,forward
C:/Code/CapstoneDesign/CapstoneDesign/1213/data/frames/frame_00565.jpg,60,forward
C:/Code/CapstoneDesign/CapstoneDesign/1213/data/frames/frame_00566.jpg,90,forward
C:/Code/CapstoneDesign/CapstoneDesign/1213/data/frames/frame_00567.jpg,90,forward
C:/Code/CapstoneDesign/CapstoneDesign/1213/data/frames/frame_00568.jpg,90,forward
C:/Code/CapstoneDesign/CapstoneDesign/1213/data/frames/frame_00569.jpg,60,forward
C:/Code/CapstoneDesign/CapstoneDesign/1213/data/frames/frame_00570.jpg,60,forward
C:/Code/CapstoneDesign/CapstoneDesign/1213/data/frames/frame_00571.jpg,90,forward
C:/Code/CapstoneDesign/CapstoneDesign/1213/data/frames/frame_00572.jpg,90,stop
C:/Code/CapstoneDesign/CapstoneDesign/1213/data/frames/frame_00573.jpg,90,stop
C:/Code/CapstoneDesign/CapstoneDesign/1213/data/frames/frame_00574.jpg,90,stop
C:/Code/CapstoneDesign/CapstoneDesign/1213/data/frames/frame_00575.jpg,90,stop
C:/Code/CapstoneDesign/CapstoneDesign/1213/data/frames/frame_00576.jpg,90,stop
C:/Code/CapstoneDesign/CapstoneDesign/1213/data/frames/frame_00577.jpg,90,stop
C:/Code/CapstoneDesign/CapstoneDesign/1213/data/frames/frame_00578.jpg,90,stop
C:/Code/CapstoneDesign/CapstoneDesign/1213/data/frames/frame_00579.jpg,90,stop
C:/Code/CapstoneDesign/CapstoneDesign/1213/data/frames/frame_00580.jpg,90,stop
C:/Code/CapstoneDesign/CapstoneDesign/1213/data/frames/frame_00581.jpg,90,stop
C:/Code/CapstoneDesign/CapstoneDesign/1213/data/frames/frame_00582.jpg,90,stop
C:/Code/CapstoneDesign/CapstoneDesign/1213/data/frames/frame_00583.jpg,90,stop
C:/Code/CapstoneDesign/CapstoneDesign/1213/data/frames/frame_00584.jpg,90,stop
C:/Code/CapstoneDesign/CapstoneDesign/1213/data/frames/frame_00585.jpg,90,stop
C:/Code/CapstoneDesign/CapstoneDesign/1213/data/frames/frame_00586.jpg,90,stop
C:/Code/CapstoneDesign/CapstoneDesign/1213/data/frames/frame_00587.jpg,90,stop
C:/Code/CapstoneDesign/CapstoneDesign/1213/data/frames/frame_00588.jpg,90,stop
C:/Code/CapstoneDesign/CapstoneDesign/1213/data/frames/frame_00589.jpg,90,stop
C:/Code/CapstoneDesign/CapstoneDesign/1213/data/frames/frame_00590.jpg,90,stop
C:/Code/CapstoneDesign/CapstoneDesign/1213/data/frames/frame_00591.jpg,90,stop
C:/Code/CapstoneDesign/CapstoneDesign/1213/data/frames/frame_00592.jpg,90,stop
C:/Code/CapstoneDesign/CapstoneDesign/1213/data/frames/frame_00593.jpg,90,stop
C:/Code/CapstoneDesign/CapstoneDesign/1213/data/frames/frame_00594.jpg,90,stop
C:/Code/CapstoneDesign/CapstoneDesign/1213/data/frames/frame_00595.jpg,90,stop
C:/Code/CapstoneDesign/CapstoneDesign/1213/data/frames/frame_00596.jpg,90,stop
C:/Code/CapstoneDesign/CapstoneDesign/1213/data/frames/frame_00597.jpg,90,stop
C:/Code/CapstoneDesign/CapstoneDesign/1213/data/frames/frame_00598.jpg,90,stop
C:/Code/CapstoneDesign/CapstoneDesign/1213/data/frames/frame_00599.jpg,90,stop
C:/Code/CapstoneDesign/CapstoneDesign/1213/data/frames/frame_00600.jpg,90,stop
C:/Code/CapstoneDesign/CapstoneDesign/1213/data/frames/frame_00601.jpg,90,stop
C:/Code/CapstoneDesign/CapstoneDesign/1213/data/frames/frame_00602.jpg,90,stop
C:/Code/CapstoneDesign/CapstoneDesign/1213/data/frames/frame_00603.jpg,90,stop
C:/Code/CapstoneDesign/CapstoneDesign/1213/data/frames/frame_00604.jpg,90,stop
C:/Code/CapstoneDesign/CapstoneDesign/1213/data/frames/frame_00605.jpg,90,stop
C:/Code/CapstoneDesign/CapstoneDesign/1213/data/frames/frame_00606.jpg,90,stop
C:/Code/CapstoneDesign/CapstoneDesign/1213/data/frames/frame_00607.jpg,90,stop
C:/Code/CapstoneDesign/CapstoneDesign/1213/data/frames/frame_00608.jpg,90,forward
C:/Code/CapstoneDesign/CapstoneDesign/1213/data/frames/frame_00609.jpg,90,forward
C:/Code/CapstoneDesign/CapstoneDesign/1213/data/frames/frame_00610.jpg,90,forward
C:/Code/CapstoneDesign/CapstoneDesign/1213/data/frames/frame_00611.jpg,90,forward
C:/Code/CapstoneDesign/CapstoneDesign/1213/data/frames/frame_00612.jpg,90,forward
C:/Code/CapstoneDesign/CapstoneDesign/1213/data/frames/frame_00613.jpg,90,forward
C:/Code/CapstoneDesign/CapstoneDesign/1213/data/frames/frame_00614.jpg,90,forward
C:/Code/CapstoneDesign/CapstoneDesign/1213/data/frames/frame_00615.jpg,90,forward
C:/Code/CapstoneDesign/CapstoneDesign/1213/data/frames/frame_00616.jpg,90,forward
C:/Code/CapstoneDesign/CapstoneDesign/1213/data/frames/frame_00617.jpg,90,forward
C:/Code/CapstoneDesign/CapstoneDesign/1213/data/frames/frame_00618.jpg,90,forward
C:/Code/CapstoneDesign/CapstoneDesign/1213/data/frames/frame_00619.jpg,90,forward
C:/Code/CapstoneDesign/CapstoneDesign/1213/data/frames/frame_00620.jpg,60,forward
C:/Code/CapstoneDesign/CapstoneDesign/1213/data/frames/frame_00621.jpg,60,forward
C:/Code/CapstoneDesign/CapstoneDesign/1213/data/frames/frame_00622.jpg,90,forward
C:/Code/CapstoneDesign/CapstoneDesign/1213/data/frames/frame_00623.jpg,90,forward
C:/Code/CapstoneDesign/CapstoneDesign/1213/data/frames/frame_00624.jpg,90,forward
C:/Code/CapstoneDesign/CapstoneDesign/1213/data/frames/frame_00625.jpg,90,forward
C:/Code/CapstoneDesign/CapstoneDesign/1213/data/frames/frame_00626.jpg,90,forward
C:/Code/CapstoneDesign/CapstoneDesign/1213/data/frames/frame_00627.jpg,90,forward
C:/Code/CapstoneDesign/CapstoneDesign/1213/data/frames/frame_00628.jpg,60,forward
C:/Code/CapstoneDesign/CapstoneDesign/1213/data/frames/frame_00629.jpg,60,forward
C:/Code/CapstoneDesign/CapstoneDesign/1213/data/frames/frame_00630.jpg,60,forward
C:/Code/CapstoneDesign/CapstoneDesign/1213/data/frames/frame_00631.jpg,60,forward
C:/Code/CapstoneDesign/CapstoneDesign/1213/data/frames/frame_00632.jpg,90,forward
C:/Code/CapstoneDesign/CapstoneDesign/1213/data/frames/frame_00633.jpg,120,forward
C:/Code/CapstoneDesign/CapstoneDesign/1213/data/frames/frame_00634.jpg,120,forward
C:/Code/CapstoneDesign/CapstoneDesign/1213/data/frames/frame_00635.jpg,90,forward
C:/Code/CapstoneDesign/CapstoneDesign/1213/data/frames/frame_00636.jpg,60,forward
C:/Code/CapstoneDesign/CapstoneDesign/1213/data/frames/frame_00637.jpg,90,forward
C:/Code/CapstoneDesign/CapstoneDesign/1213/data/frames/frame_00638.jpg,90,forward
C:/Code/CapstoneDesign/CapstoneDesign/1213/data/frames/frame_00639.jpg,120,forward
C:/Code/CapstoneDesign/CapstoneDesign/1213/data/frames/frame_00640.jpg,120,forward
C:/Code/CapstoneDesign/CapstoneDesign/1213/data/frames/frame_00641.jpg,120,forward
C:/Code/CapstoneDesign/CapstoneDesign/1213/data/frames/frame_00642.jpg,120,forward
C:/Code/CapstoneDesign/CapstoneDesign/1213/data/frames/frame_00643.jpg,120,forward
C:/Code/CapstoneDesign/CapstoneDesign/1213/data/frames/frame_00644.jpg,120,forward
C:/Code/CapstoneDesign/CapstoneDesign/1213/data/frames/frame_00645.jpg,120,forward
C:/Code/CapstoneDesign/CapstoneDesign/1213/data/frames/frame_00646.jpg,120,stop
C:/Code/CapstoneDesign/CapstoneDesign/1213/data/frames/frame_00647.jpg,120,forward
C:/Code/CapstoneDesign/CapstoneDesign/1213/data/frames/frame_00648.jpg,120,forward
C:/Code/CapstoneDesign/CapstoneDesign/1213/data/frames/frame_00649.jpg,90,forward
C:/Code/CapstoneDesign/CapstoneDesign/1213/data/frames/frame_00650.jpg,90,forward
C:/Code/CapstoneDesign/CapstoneDesign/1213/data/frames/frame_00651.jpg,90,forward
C:/Code/CapstoneDesign/CapstoneDesign/1213/data/frames/frame_00652.jpg,90,forward
C:/Code/CapstoneDesign/CapstoneDesign/1213/data/frames/frame_00653.jpg,90,forward
C:/Code/CapstoneDesign/CapstoneDesign/1213/data/frames/frame_00654.jpg,90,forward
C:/Code/CapstoneDesign/CapstoneDesign/1213/data/frames/frame_00655.jpg,90,forward
C:/Code/CapstoneDesign/CapstoneDesign/1213/data/frames/frame_00656.jpg,90,forward
C:/Code/CapstoneDesign/CapstoneDesign/1213/data/frames/frame_00657.jpg,90,forward
C:/Code/CapstoneDesign/CapstoneDesign/1213/data/frames/frame_00658.jpg,90,forward
C:/Code/CapstoneDesign/CapstoneDesign/1213/data/frames/frame_00659.jpg,90,forward
C:/Code/CapstoneDesign/CapstoneDesign/1213/data/frames/frame_00660.jpg,90,forward
C:/Code/CapstoneDesign/CapstoneDesign/1213/data/frames/frame_00661.jpg,90,forward
C:/Code/CapstoneDesign/CapstoneDesign/1213/data/frames/frame_00662.jpg,90,forward
C:/Code/CapstoneDesign/CapstoneDesign/1213/data/frames/frame_00663.jpg,90,forward
C:/Code/CapstoneDesign/CapstoneDesign/1213/data/frames/frame_00664.jpg,90,forward
C:/Code/CapstoneDesign/CapstoneDesign/1213/data/frames/frame_00665.jpg,90,forward
C:/Code/CapstoneDesign/CapstoneDesign/1213/data/frames/frame_00666.jpg,120,forward
C:/Code/CapstoneDesign/CapstoneDesign/1213/data/frames/frame_00667.jpg,120,forward
C:/Code/CapstoneDesign/CapstoneDesign/1213/data/frames/frame_00668.jpg,120,forward
C:/Code/CapstoneDesign/CapstoneDesign/1213/data/frames/frame_00669.jpg,120,forward
C:/Code/CapstoneDesign/CapstoneDesign/1213/data/frames/frame_00670.jpg,90,forward
C:/Code/CapstoneDesign/CapstoneDesign/1213/data/frames/frame_00671.jpg,90,forward
C:/Code/CapstoneDesign/CapstoneDesign/1213/data/frames/frame_00672.jpg,90,forward
C:/Code/CapstoneDesign/CapstoneDesign/1213/data/frames/frame_00673.jpg,90,forward
C:/Code/CapstoneDesign/CapstoneDesign/1213/data/frames/frame_00674.jpg,90,forward
C:/Code/CapstoneDesign/CapstoneDesign/1213/data/frames/frame_00675.jpg,90,forward
C:/Code/CapstoneDesign/CapstoneDesign/1213/data/frames/frame_00676.jpg,90,forward
C:/Code/CapstoneDesign/CapstoneDesign/1213/data/frames/frame_00677.jpg,90,forward
C:/Code/CapstoneDesign/CapstoneDesign/1213/data/frames/frame_00678.jpg,60,forward
C:/Code/CapstoneDesign/CapstoneDesign/1213/data/frames/frame_00679.jpg,60,forward
C:/Code/CapstoneDesign/CapstoneDesign/1213/data/frames/frame_00680.jpg,60,forward
C:/Code/CapstoneDesign/CapstoneDesign/1213/data/frames/frame_00681.jpg,30,forward
C:/Code/CapstoneDesign/CapstoneDesign/1213/data/frames/frame_00682.jpg,30,forward
C:/Code/CapstoneDesign/CapstoneDesign/1213/data/frames/frame_00683.jpg,60,forward
C:/Code/CapstoneDesign/CapstoneDesign/1213/data/frames/frame_00684.jpg,60,forward
C:/Code/CapstoneDesign/CapstoneDesign/1213/data/frames/frame_00685.jpg,60,forward
C:/Code/CapstoneDesign/CapstoneDesign/1213/data/frames/frame_00686.jpg,60,forward
C:/Code/CapstoneDesign/CapstoneDesign/1213/data/frames/frame_00687.jpg,60,forward
C:/Code/CapstoneDesign/CapstoneDesign/1213/data/frames/frame_00688.jpg,60,forward
C:/Code/CapstoneDesign/CapstoneDesign/1213/data/frames/frame_00689.jpg,60,forward
C:/Code/CapstoneDesign/CapstoneDesign/1213/data/frames/frame_00690.jpg,60,forward
C:/Code/CapstoneDesign/CapstoneDesign/1213/data/frames/frame_00691.jpg,90,forward
C:/Code/CapstoneDesign/CapstoneDesign/1213/data/frames/frame_00692.jpg,90,forward
C:/Code/CapstoneDesign/CapstoneDesign/1213/data/frames/frame_00693.jpg,60,forward
C:/Code/CapstoneDesign/CapstoneDesign/1213/data/frames/frame_00694.jpg,60,forward
C:/Code/CapstoneDesign/CapstoneDesign/1213/data/frames/frame_00695.jpg,30,forward
C:/Code/CapstoneDesign/CapstoneDesign/1213/data/frames/frame_00696.jpg,30,forward
C:/Code/CapstoneDesign/CapstoneDesign/1213/data/frames/frame_00697.jpg,30,forward
C:/Code/CapstoneDesign/CapstoneDesign/1213/data/frames/frame_00698.jpg,30,forward
C:/Code/CapstoneDesign/CapstoneDesign/1213/data/frames/frame_00699.jpg,30,forward
C:/Code/CapstoneDesign/CapstoneDesign/1213/data/frames/frame_00700.jpg,30,forward
C:/Code/CapstoneDesign/CapstoneDesign/1213/data/frames/frame_00701.jpg,60,forward
C:/Code/CapstoneDesign/CapstoneDesign/1213/data/frames/frame_00702.jpg,60,forward
C:/Code/CapstoneDesign/CapstoneDesign/1213/data/frames/frame_00703.jpg,60,forward
C:/Code/CapstoneDesign/CapstoneDesign/1213/data/frames/frame_00704.jpg,60,forward
C:/Code/CapstoneDesign/CapstoneDesign/1213/data/frames/frame_00705.jpg,60,forward
C:/Code/CapstoneDesign/CapstoneDesign/1213/data/frames/frame_00706.jpg,60,forward
C:/Code/CapstoneDesign/CapstoneDesign/1213/data/frames/frame_00707.jpg,60,forward
C:/Code/CapstoneDesign/CapstoneDesign/1213/data/frames/frame_00708.jpg,60,forward
C:/Code/CapstoneDesign/CapstoneDesign/1213/data/frames/frame_00709.jpg,60,forward
C:/Code/CapstoneDesign/CapstoneDesign/1213/data/frames/frame_00710.jpg,60,forward
C:/Code/CapstoneDesign/CapstoneDesign/1213/data/frames/frame_00711.jpg,60,forward
C:/Code/CapstoneDesign/CapstoneDesign/1213/data/frames/frame_00712.jpg,60,forward
C:/Code/CapstoneDesign/CapstoneDesign/1213/data/frames/frame_00713.jpg,60,forward
C:/Code/CapstoneDesign/CapstoneDesign/1213/data/frames/frame_00714.jpg,60,forward
C:/Code/CapstoneDesign/CapstoneDesign/1213/data/frames/frame_00715.jpg,60,forward
C:/Code/CapstoneDesign/CapstoneDesign/1213/data/frames/frame_00716.jpg,60,forward
C:/Code/CapstoneDesign/CapstoneDesign/1213/data/frames/frame_00717.jpg,90,forward
C:/Code/CapstoneDesign/CapstoneDesign/1213/data/frames/frame_00718.jpg,90,forward
C:/Code/CapstoneDesign/CapstoneDesign/1213/data/frames/frame_00719.jpg,90,forward
C:/Code/CapstoneDesign/CapstoneDesign/1213/data/frames/frame_00720.jpg,90,forward
C:/Code/CapstoneDesign/CapstoneDesign/1213/data/frames/frame_00721.jpg,90,forward
C:/Code/CapstoneDesign/CapstoneDesign/1213/data/frames/frame_00722.jpg,90,forward
C:/Code/CapstoneDesign/CapstoneDesign/1213/data/frames/frame_00723.jpg,90,forward
C:/Code/CapstoneDesign/CapstoneDesign/1213/data/frames/frame_00724.jpg,90,forward
C:/Code/CapstoneDesign/CapstoneDesign/1213/data/frames/frame_00725.jpg,90,forward
C:/Code/CapstoneDesign/CapstoneDesign/1213/data/frames/frame_00726.jpg,90,forward
C:/Code/CapstoneDesign/CapstoneDesign/1213/data/frames/frame_00727.jpg,120,forward
C:/Code/CapstoneDesign/CapstoneDesign/1213/data/frames/frame_00728.jpg,120,forward
C:/Code/CapstoneDesign/CapstoneDesign/1213/data/frames/frame_00729.jpg,90,forward
C:/Code/CapstoneDesign/CapstoneDesign/1213/data/frames/frame_00730.jpg,90,forward
C:/Code/CapstoneDesign/CapstoneDesign/1213/data/frames/frame_00731.jpg,90,forward
C:/Code/CapstoneDesign/CapstoneDesign/1213/data/frames/frame_00732.jpg,90,forward
C:/Code/CapstoneDesign/CapstoneDesign/1213/data/frames/frame_00733.jpg,60,forward
C:/Code/CapstoneDesign/CapstoneDesign/1213/data/frames/frame_00734.jpg,60,forward
C:/Code/CapstoneDesign/CapstoneDesign/1213/data/frames/frame_00735.jpg,90,forward
C:/Code/CapstoneDesign/CapstoneDesign/1213/data/frames/frame_00736.jpg,90,forward
C:/Code/CapstoneDesign/CapstoneDesign/1213/data/frames/frame_00737.jpg,90,forward
C:/Code/CapstoneDesign/CapstoneDesign/1213/data/frames/frame_00738.jpg,90,forward
C:/Code/CapstoneDesign/CapstoneDesign/1213/data/frames/frame_00739.jpg,90,forward
C:/Code/CapstoneDesign/CapstoneDesign/1213/data/frames/frame_00740.jpg,90,forward
C:/Code/CapstoneDesign/CapstoneDesign/1213/data/frames/frame_00741.jpg,60,forward
C:/Code/CapstoneDesign/CapstoneDesign/1213/data/frames/frame_00742.jpg,90,forward
C:/Code/CapstoneDesign/CapstoneDesign/1213/data/frames/frame_00743.jpg,90,forward
C:/Code/CapstoneDesign/CapstoneDesign/1213/data/frames/frame_00744.jpg,60,forward
C:/Code/CapstoneDesign/CapstoneDesign/1213/data/frames/frame_00745.jpg,60,forward
C:/Code/CapstoneDesign/CapstoneDesign/1213/data/frames/frame_00746.jpg,60,forward
C:/Code/CapstoneDesign/CapstoneDesign/1213/data/frames/frame_00747.jpg,60,forward
C:/Code/CapstoneDesign/CapstoneDesign/1213/data/frames/frame_00748.jpg,60,forward
C:/Code/CapstoneDesign/CapstoneDesign/1213/data/frames/frame_00749.jpg,60,forward
C:/Code/CapstoneDesign/CapstoneDesign/1213/data/frames/frame_00750.jpg,60,forward
C:/Code/CapstoneDesign/CapstoneDesign/1213/data/frames/frame_00751.jpg,30,forward
C:/Code/CapstoneDesign/CapstoneDesign/1213/data/frames/frame_00752.jpg,30,forward
C:/Code/CapstoneDesign/CapstoneDesign/1213/data/frames/frame_00753.jpg,60,forward
C:/Code/CapstoneDesign/CapstoneDesign/1213/data/frames/frame_00754.jpg,60,forward
C:/Code/CapstoneDesign/CapstoneDesign/1213/data/frames/frame_00755.jpg,60,forward
C:/Code/CapstoneDesign/CapstoneDesign/1213/data/frames/frame_00756.jpg,60,forward
C:/Code/CapstoneDesign/CapstoneDesign/1213/data/frames/frame_00757.jpg,60,forward
C:/Code/CapstoneDesign/CapstoneDesign/1213/data/frames/frame_00758.jpg,60,forward
C:/Code/CapstoneDesign/CapstoneDesign/1213/data/frames/frame_00759.jpg,60,forward
C:/Code/CapstoneDesign/CapstoneDesign/1213/data/frames/frame_00760.jpg,60,forward
C:/Code/CapstoneDesign/CapstoneDesign/1213/data/frames/frame_00761.jpg,60,forward
C:/Code/CapstoneDesign/CapstoneDesign/1213/data/frames/frame_00762.jpg,60,forward
C:/Code/CapstoneDesign/CapstoneDesign/1213/data/frames/frame_00763.jpg,60,forward
C:/Code/CapstoneDesign/CapstoneDesign/1213/data/frames/frame_00764.jpg,60,forward
C:/Code/CapstoneDesign/CapstoneDesign/1213/data/frames/frame_00765.jpg,60,forward
C:/Code/CapstoneDesign/CapstoneDesign/1213/data/frames/frame_00766.jpg,60,forward
C:/Code/CapstoneDesign/CapstoneDesign/1213/data/frames/frame_00767.jpg,60,forward
C:/Code/CapstoneDesign/CapstoneDesign/1213/data/frames/frame_00768.jpg,60,forward
C:/Code/CapstoneDesign/CapstoneDesign/1213/data/frames/frame_00769.jpg,60,forward
C:/Code/CapstoneDesign/CapstoneDesign/1213/data/frames/frame_00770.jpg,60,forward
C:/Code/CapstoneDesign/CapstoneDesign/1213/data/frames/frame_00771.jpg,90,forward
C:/Code/CapstoneDesign/CapstoneDesign/1213/data/frames/frame_00772.jpg,90,forward
C:/Code/CapstoneDesign/CapstoneDesign/1213/data/frames/frame_00773.jpg,90,forward
C:/Code/CapstoneDesign/CapstoneDesign/1213/data/frames/frame_00774.jpg,90,forward
C:/Code/CapstoneDesign/CapstoneDesign/1213/data/frames/frame_00775.jpg,120,forward
C:/Code/CapstoneDesign/CapstoneDesign/1213/data/frames/frame_00776.jpg,120,forward
C:/Code/CapstoneDesign/CapstoneDesign/1213/data/frames/frame_00777.jpg,120,forward
C:/Code/CapstoneDesign/CapstoneDesign/1213/data/frames/frame_00778.jpg,120,forward
C:/Code/CapstoneDesign/CapstoneDesign/1213/data/frames/frame_00779.jpg,90,forward
C:/Code/CapstoneDesign/CapstoneDesign/1213/data/frames/frame_00780.jpg,90,forward
C:/Code/CapstoneDesign/CapstoneDesign/1213/data/frames/frame_00781.jpg,90,forward
C:/Code/CapstoneDesign/CapstoneDesign/1213/data/frames/frame_00782.jpg,90,forward
C:/Code/CapstoneDesign/CapstoneDesign/1213/data/frames/frame_00783.jpg,90,forward
C:/Code/CapstoneDesign/CapstoneDesign/1213/data/frames/frame_00784.jpg,90,forward
C:/Code/CapstoneDesign/CapstoneDesign/1213/data/frames/frame_00785.jpg,90,forward
C:/Code/CapstoneDesign/CapstoneDesign/1213/data/frames/frame_00786.jpg,90,forward
C:/Code/CapstoneDesign/CapstoneDesign/1213/data/frames/frame_00787.jpg,90,forward
C:/Code/CapstoneDesign/CapstoneDesign/1213/data/frames/frame_00788.jpg,90,forward
C:/Code/CapstoneDesign/CapstoneDesign/1213/data/frames/frame_00789.jpg,90,forward
C:/Code/CapstoneDesign/CapstoneDesign/1213/data/frames/frame_00790.jpg,90,forward
C:/Code/CapstoneDesign/CapstoneDesign/1213/data/frames/frame_00791.jpg,90,forward
C:/Code/CapstoneDesign/CapstoneDesign/1213/data/frames/frame_00792.jpg,90,forward
C:/Code/CapstoneDesign/CapstoneDesign/1213/data/frames/frame_00793.jpg,90,forward
C:/Code/CapstoneDesign/CapstoneDesign/1213/data/frames/frame_00794.jpg,90,forward
C:/Code/CapstoneDesign/CapstoneDesign/1213/data/frames/frame_00795.jpg,60,forward
C:/Code/CapstoneDesign/CapstoneDesign/1213/data/frames/frame_00796.jpg,60,forward
C:/Code/CapstoneDesign/CapstoneDesign/1213/data/frames/frame_00797.jpg,90,forward
C:/Code/CapstoneDesign/CapstoneDesign/1213/data/frames/frame_00798.jpg,90,forward
C:/Code/CapstoneDesign/CapstoneDesign/1213/data/frames/frame_00799.jpg,90,forward
C:/Code/CapstoneDesign/CapstoneDesign/1213/data/frames/frame_00800.jpg,90,forward
C:/Code/CapstoneDesign/CapstoneDesign/1213/data/frames/frame_00801.jpg,90,forward
C:/Code/CapstoneDesign/CapstoneDesign/1213/data/frames/frame_00802.jpg,90,forward
C:/Code/CapstoneDesign/CapstoneDesign/1213/data/frames/frame_00803.jpg,90,forward
C:/Code/CapstoneDesign/CapstoneDesign/1213/data/frames/frame_00804.jpg,90,forward
C:/Code/CapstoneDesign/CapstoneDesign/1213/data/frames/frame_00805.jpg,90,forward
C:/Code/CapstoneDesign/CapstoneDesign/1213/data/frames/frame_00806.jpg,90,forward
C:/Code/CapstoneDesign/CapstoneDesign/1213/data/frames/frame_00807.jpg,60,forward
C:/Code/CapstoneDesign/CapstoneDesign/1213/data/frames/frame_00808.jpg,90,forward
C:/Code/CapstoneDesign/CapstoneDesign/1213/data/frames/frame_00809.jpg,90,forward
C:/Code/CapstoneDesign/CapstoneDesign/1213/data/frames/frame_00810.jpg,90,forward
C:/Code/CapstoneDesign/CapstoneDesign/1213/data/frames/frame_00811.jpg,90,forward
C:/Code/CapstoneDesign/CapstoneDesign/1213/data/frames/frame_00812.jpg,90,forward
C:/Code/CapstoneDesign/CapstoneDesign/1213/data/frames/frame_00813.jpg,90,forward
C:/Code/CapstoneDesign/CapstoneDesign/1213/data/frames/frame_00814.jpg,90,forward
C:/Code/CapstoneDesign/CapstoneDesign/1213/data/frames/frame_00815.jpg,90,forward
C:/Code/CapstoneDesign/CapstoneDesign/1213/data/frames/frame_00816.jpg,60,forward
C:/Code/CapstoneDesign/CapstoneDesign/1213/data/frames/frame_00817.jpg,90,forward
C:/Code/CapstoneDesign/CapstoneDesign/1213/data/frames/frame_00818.jpg,90,forward
C:/Code/CapstoneDesign/CapstoneDesign/1213/data/frames/frame_00819.jpg,90,forward
C:/Code/CapstoneDesign/CapstoneDesign/1213/data/frames/frame_00820.jpg,90,forward
C:/Code/CapstoneDesign/CapstoneDesign/1213/data/frames/frame_00821.jpg,90,forward
C:/Code/CapstoneDesign/CapstoneDesign/1213/data/frames/frame_00822.jpg,90,forward
C:/Code/CapstoneDesign/CapstoneDesign/1213/data/frames/frame_00823.jpg,90,forward
C:/Code/CapstoneDesign/CapstoneDesign/1213/data/frames/frame_00824.jpg,90,forward
C:/Code/CapstoneDesign/CapstoneDesign/1213/data/frames/frame_00825.jpg,90,forward
C:/Code/CapstoneDesign/CapstoneDesign/1213/data/frames/frame_00826.jpg,60,forward
C:/Code/CapstoneDesign/CapstoneDesign/1213/data/frames/frame_00827.jpg,60,forward
C:/Code/CapstoneDesign/CapstoneDesign/1213/data/frames/frame_00828.jpg,60,forward
C:/Code/CapstoneDesign/CapstoneDesign/1213/data/frames/frame_00829.jpg,60,forward
C:/Code/CapstoneDesign/CapstoneDesign/1213/data/frames/frame_00830.jpg,60,forward
C:/Code/CapstoneDesign/CapstoneDesign/1213/data/frames/frame_00831.jpg,60,forward
C:/Code/CapstoneDesign/CapstoneDesign/1213/data/frames/frame_00832.jpg,60,forward
C:/Code/CapstoneDesign/CapstoneDesign/1213/data/frames/frame_00833.jpg,60,forward
C:/Code/CapstoneDesign/CapstoneDesign/1213/data/frames/frame_00834.jpg,60,forward
C:/Code/CapstoneDesign/CapstoneDesign/1213/data/frames/frame_00835.jpg,60,forward
C:/Code/CapstoneDesign/CapstoneDesign/1213/data/frames/frame_00836.jpg,60,forward
C:/Code/CapstoneDesign/CapstoneDesign/1213/data/frames/frame_00837.jpg,60,forward
C:/Code/CapstoneDesign/CapstoneDesign/1213/data/frames/frame_00838.jpg,60,forward
C:/Code/CapstoneDesign/CapstoneDesign/1213/data/frames/frame_00839.jpg,60,forward
C:/Code/CapstoneDesign/CapstoneDesign/1213/data/frames/frame_00840.jpg,60,forward
C:/Code/CapstoneDesign/CapstoneDesign/1213/data/frames/frame_00841.jpg,60,forward
C:/Code/CapstoneDesign/CapstoneDesign/1213/data/frames/frame_00842.jpg,60,forward
C:/Code/CapstoneDesign/CapstoneDesign/1213/data/frames/frame_00843.jpg,60,forward
C:/Code/CapstoneDesign/CapstoneDesign/1213/data/frames/frame_00844.jpg,30,forward
C:/Code/CapstoneDesign/CapstoneDesign/1213/data/frames/frame_00845.jpg,30,forward
C:/Code/CapstoneDesign/CapstoneDesign/1213/data/frames/frame_00846.jpg,60,forward
C:/Code/CapstoneDesign/CapstoneDesign/1213/data/frames/frame_00847.jpg,60,forward
C:/Code/CapstoneDesign/CapstoneDesign/1213/data/frames/frame_00848.jpg,60,forward
C:/Code/CapstoneDesign/CapstoneDesign/1213/data/frames/frame_00849.jpg,60,forward
C:/Code/CapstoneDesign/CapstoneDesign/1213/data/frames/frame_00850.jpg,60,forward
C:/Code/CapstoneDesign/CapstoneDesign/1213/data/frames/frame_00851.jpg,60,forward
C:/Code/CapstoneDesign/CapstoneDesign/1213/data/frames/frame_00852.jpg,60,forward
C:/Code/CapstoneDesign/CapstoneDesign/1213/data/frames/frame_00853.jpg,60,forward
C:/Code/CapstoneDesign/CapstoneDesign/1213/data/frames/frame_00854.jpg,60,forward
C:/Code/CapstoneDesign/CapstoneDesign/1213/data/frames/frame_00855.jpg,60,forward
C:/Code/CapstoneDesign/CapstoneDesign/1213/data/frames/frame_00856.jpg,90,forward
C:/Code/CapstoneDesign/CapstoneDesign/1213/data/frames/frame_00857.jpg,90,forward
C:/Code/CapstoneDesign/CapstoneDesign/1213/data/frames/frame_00858.jpg,90,forward
C:/Code/CapstoneDesign/CapstoneDesign/1213/data/frames/frame_00859.jpg,60,forward
C:/Code/CapstoneDesign/CapstoneDesign/1213/data/frames/frame_00860.jpg,60,forward
C:/Code/CapstoneDesign/CapstoneDesign/1213/data/frames/frame_00861.jpg,60,forward
C:/Code/CapstoneDesign/CapstoneDesign/1213/data/frames/frame_00862.jpg,90,forward
C:/Code/CapstoneDesign/CapstoneDesign/1213/data/frames/frame_00863.jpg,90,forward
C:/Code/CapstoneDesign/CapstoneDesign/1213/data/frames/frame_00864.jpg,90,forward
C:/Code/CapstoneDesign/CapstoneDesign/1213/data/frames/frame_00865.jpg,90,forward
C:/Code/CapstoneDesign/CapstoneDesign/1213/data/frames/frame_00866.jpg,90,forward
C:/Code/CapstoneDesign/CapstoneDesign/1213/data/frames/frame_00867.jpg,90,forward
C:/Code/CapstoneDesign/CapstoneDesign/1213/data/frames/frame_00868.jpg,90,forward
C:/Code/CapstoneDesign/CapstoneDesign/1213/data/frames/frame_00869.jpg,90,forward
C:/Code/CapstoneDesign/CapstoneDesign/1213/data/frames/frame_00870.jpg,90,forward
C:/Code/CapstoneDesign/CapstoneDesign/1213/data/frames/frame_00871.jpg,90,forward
C:/Code/CapstoneDesign/CapstoneDesign/1213/data/frames/frame_00872.jpg,90,forward
C:/Code/CapstoneDesign/CapstoneDesign/1213/data/frames/frame_00873.jpg,60,forward
C:/Code/CapstoneDesign/CapstoneDesign/1213/data/frames/frame_00874.jpg,60,forward
C:/Code/CapstoneDesign/CapstoneDesign/1213/data/frames/frame_00875.jpg,90,forward
C:/Code/CapstoneDesign/CapstoneDesign/1213/data/frames/frame_00876.jpg,90,forward
C:/Code/CapstoneDesign/CapstoneDesign/1213/data/frames/frame_00877.jpg,90,forward
C:/Code/CapstoneDesign/CapstoneDesign/1213/data/frames/frame_00878.jpg,90,forward
C:/Code/CapstoneDesign/CapstoneDesign/1213/data/frames/frame_00879.jpg,90,forward
C:/Code/CapstoneDesign/CapstoneDesign/1213/data/frames/frame_00880.jpg,90,forward
C:/Code/CapstoneDesign/CapstoneDesign/1213/data/frames/frame_00881.jpg,90,forward
C:/Code/CapstoneDesign/CapstoneDesign/1213/data/frames/frame_00882.jpg,90,forward
C:/Code/CapstoneDesign/CapstoneDesign/1213/data/frames/frame_00883.jpg,90,forward
C:/Code/CapstoneDesign/CapstoneDesign/1213/data/frames/frame_00884.jpg,90,forward
C:/Code/CapstoneDesign/CapstoneDesign/1213/data/frames/frame_00885.jpg,60,forward
C:/Code/CapstoneDesign/CapstoneDesign/1213/data/frames/frame_00886.jpg,60,forward
C:/Code/CapstoneDesign/CapstoneDesign/1213/data/frames/frame_00887.jpg,60,forward
C:/Code/CapstoneDesign/CapstoneDesign/1213/data/frames/frame_00888.jpg,60,forward
C:/Code/CapstoneDesign/CapstoneDesign/1213/data/frames/frame_00889.jpg,90,forward
C:/Code/CapstoneDesign/CapstoneDesign/1213/data/frames/frame_00890.jpg,90,forward
C:/Code/CapstoneDesign/CapstoneDesign/1213/data/frames/frame_00891.jpg,90,forward
C:/Code/CapstoneDesign/CapstoneDesign/1213/data/frames/frame_00892.jpg,90,forward
C:/Code/CapstoneDesign/CapstoneDesign/1213/data/frames/frame_00893.jpg,120,forward
C:/Code/CapstoneDesign/CapstoneDesign/1213/data/frames/frame_00894.jpg,90,forward
C:/Code/CapstoneDesign/CapstoneDesign/1213/data/frames/frame_00895.jpg,90,forward
C:/Code/CapstoneDesign/CapstoneDesign/1213/data/frames/frame_00896.jpg,90,forward
C:/Code/CapstoneDesign/CapstoneDesign/1213/data/frames/frame_00897.jpg,90,forward
C:/Code/CapstoneDesign/CapstoneDesign/1213/data/frames/frame_00898.jpg,90,forward
C:/Code/CapstoneDesign/CapstoneDesign/1213/data/frames/frame_00899.jpg,120,forward
C:/Code/CapstoneDesign/CapstoneDesign/1213/data/frames/frame_00900.jpg,120,forward
C:/Code/CapstoneDesign/CapstoneDesign/1213/data/frames/frame_00901.jpg,120,forward
C:/Code/CapstoneDesign/CapstoneDesign/1213/data/frames/frame_00902.jpg,90,forward
C:/Code/CapstoneDesign/CapstoneDesign/1213/data/frames/frame_00903.jpg,90,forward
C:/Code/CapstoneDesign/CapstoneDesign/1213/data/frames/frame_00904.jpg,90,forward
C:/Code/CapstoneDesign/CapstoneDesign/1213/data/frames/frame_00905.jpg,90,forward
C:/Code/CapstoneDesign/CapstoneDesign/1213/data/frames/frame_00906.jpg,90,forward
C:/Code/CapstoneDesign/CapstoneDesign/1213/data/frames/frame_00907.jpg,90,forward
C:/Code/CapstoneDesign/CapstoneDesign/1213/data/frames/frame_00908.jpg,90,forward
C:/Code/CapstoneDesign/CapstoneDesign/1213/data/frames/frame_00909.jpg,120,forward
C:/Code/CapstoneDesign/CapstoneDesign/1213/data/frames/frame_00910.jpg,120,forward
C:/Code/CapstoneDesign/CapstoneDesign/1213/data/frames/frame_00911.jpg,120,forward
C:/Code/CapstoneDesign/CapstoneDesign/1213/data/frames/frame_00912.jpg,120,forward
C:/Code/CapstoneDesign/CapstoneDesign/1213/data/frames/frame_00913.jpg,90,forward
C:/Code/CapstoneDesign/CapstoneDesign/1213/data/frames/frame_00914.jpg,90,forward
C:/Code/CapstoneDesign/CapstoneDesign/1213/data/frames/frame_00915.jpg,90,forward
C:/Code/CapstoneDesign/CapstoneDesign/1213/data/frames/frame_00916.jpg,90,forward
C:/Code/CapstoneDesign/CapstoneDesign/1213/data/frames/frame_00917.jpg,90,forward
C:/Code/CapstoneDesign/CapstoneDesign/1213/data/frames/frame_00918.jpg,90,forward
C:/Code/CapstoneDesign/CapstoneDesign/1213/data/frames/frame_00919.jpg,90,forward
C:/Code/CapstoneDesign/CapstoneDesign/1213/data/frames/frame_00920.jpg,90,forward
C:/Code/CapstoneDesign/CapstoneDesign/1213/data/frames/frame_00921.jpg,90,forward
C:/Code/CapstoneDesign/CapstoneDesign/1213/data/frames/frame_00922.jpg,90,forward
C:/Code/CapstoneDesign/CapstoneDesign/1213/data/frames/frame_00923.jpg,90,forward
C:/Code/CapstoneDesign/CapstoneDesign/1213/data/frames/frame_00924.jpg,90,forward
C:/Code/CapstoneDesign/CapstoneDesign/1213/data/frames/frame_00925.jpg,60,forward
C:/Code/CapstoneDesign/CapstoneDesign/1213/data/frames/frame_00926.jpg,60,forward
C:/Code/CapstoneDesign/CapstoneDesign/1213/data/frames/frame_00927.jpg,60,forward
C:/Code/CapstoneDesign/CapstoneDesign/1213/data/frames/frame_00928.jpg,60,forward
C:/Code/CapstoneDesign/CapstoneDesign/1213/data/frames/frame_00929.jpg,30,forward
C:/Code/CapstoneDesign/CapstoneDesign/1213/data/frames/frame_00930.jpg,30,forward
C:/Code/CapstoneDesign/CapstoneDesign/1213/data/frames/frame_00931.jpg,60,forward
C:/Code/CapstoneDesign/CapstoneDesign/1213/data/frames/frame_00932.jpg,60,forward
C:/Code/CapstoneDesign/CapstoneDesign/1213/data/frames/frame_00933.jpg,60,forward
C:/Code/CapstoneDesign/CapstoneDesign/1213/data/frames/frame_00934.jpg,60,forward
C:/Code/CapstoneDesign/CapstoneDesign/1213/data/frames/frame_00935.jpg,60,forward
C:/Code/CapstoneDesign/CapstoneDesign/1213/data/frames/frame_00936.jpg,60,forward
C:/Code/CapstoneDesign/CapstoneDesign/1213/data/frames/frame_00937.jpg,60,forward
C:/Code/CapstoneDesign/CapstoneDesign/1213/data/frames/frame_00938.jpg,90,forward
C:/Code/CapstoneDesign/CapstoneDesign/1213/data/frames/frame_00939.jpg,60,forward
C:/Code/CapstoneDesign/CapstoneDesign/1213/data/frames/frame_00940.jpg,60,forward
C:/Code/CapstoneDesign/CapstoneDesign/1213/data/frames/frame_00941.jpg,30,forward
C:/Code/CapstoneDesign/CapstoneDesign/1213/data/frames/frame_00942.jpg,30,forward
C:/Code/CapstoneDesign/CapstoneDesign/1213/data/frames/frame_00943.jpg,30,forward
C:/Code/CapstoneDesign/CapstoneDesign/1213/data/frames/frame_00944.jpg,60,forward
C:/Code/CapstoneDesign/CapstoneDesign/1213/data/frames/frame_00945.jpg,60,forward
C:/Code/CapstoneDesign/CapstoneDesign/1213/data/frames/frame_00946.jpg,60,forward
C:/Code/CapstoneDesign/CapstoneDesign/1213/data/frames/frame_00947.jpg,60,forward
C:/Code/CapstoneDesign/CapstoneDesign/1213/data/frames/frame_00948.jpg,60,forward
C:/Code/CapstoneDesign/CapstoneDesign/1213/data/frames/frame_00949.jpg,60,forward
C:/Code/CapstoneDesign/CapstoneDesign/1213/data/frames/frame_00950.jpg,60,forward
C:/Code/CapstoneDesign/CapstoneDesign/1213/data/frames/frame_00951.jpg,60,forward
C:/Code/CapstoneDesign/CapstoneDesign/1213/data/frames/frame_00952.jpg,60,forward
C:/Code/CapstoneDesign/CapstoneDesign/1213/data/frames/frame_00953.jpg,60,forward
C:/Code/CapstoneDesign/CapstoneDesign/1213/data/frames/frame_00954.jpg,60,forward
C:/Code/CapstoneDesign/CapstoneDesign/1213/data/frames/frame_00955.jpg,60,forward
C:/Code/CapstoneDesign/CapstoneDesign/1213/data/frames/frame_00956.jpg,60,forward
C:/Code/CapstoneDesign/CapstoneDesign/1213/data/frames/frame_00957.jpg,60,forward
C:/Code/CapstoneDesign/CapstoneDesign/1213/data/frames/frame_00958.jpg,90,forward
C:/Code/CapstoneDesign/CapstoneDesign/1213/data/frames/frame_00959.jpg,90,forward
C:/Code/CapstoneDesign/CapstoneDesign/1213/data/frames/frame_00960.jpg,90,forward
C:/Code/CapstoneDesign/CapstoneDesign/1213/data/frames/frame_00961.jpg,90,forward
C:/Code/CapstoneDesign/CapstoneDesign/1213/data/frames/frame_00962.jpg,90,forward
C:/Code/CapstoneDesign/CapstoneDesign/1213/data/frames/frame_00963.jpg,120,forward
C:/Code/CapstoneDesign/CapstoneDesign/1213/data/frames/frame_00964.jpg,90,forward
C:/Code/CapstoneDesign/CapstoneDesign/1213/data/frames/frame_00965.jpg,90,forward
C:/Code/CapstoneDesign/CapstoneDesign/1213/data/frames/frame_00966.jpg,90,forward
C:/Code/CapstoneDesign/CapstoneDesign/1213/data/frames/frame_00967.jpg,90,forward
C:/Code/CapstoneDesign/CapstoneDesign/1213/data/frames/frame_00968.jpg,90,forward
C:/Code/CapstoneDesign/CapstoneDesign/1213/data/frames/frame_00969.jpg,90,forward
C:/Code/CapstoneDesign/CapstoneDesign/1213/data/frames/frame_00970.jpg,60,forward
C:/Code/CapstoneDesign/CapstoneDesign/1213/data/frames/frame_00971.jpg,60,forward
C:/Code/CapstoneDesign/CapstoneDesign/1213/data/frames/frame_00972.jpg,90,forward
C:/Code/CapstoneDesign/CapstoneDesign/1213/data/frames/frame_00973.jpg,90,forward
C:/Code/CapstoneDesign/CapstoneDesign/1213/data/frames/frame_00974.jpg,90,forward
C:/Code/CapstoneDesign/CapstoneDesign/1213/data/frames/frame_00975.jpg,90,forward
C:/Code/CapstoneDesign/CapstoneDesign/1213/data/frames/frame_00976.jpg,90,forward
C:/Code/CapstoneDesign/CapstoneDesign/1213/data/frames/frame_00977.jpg,90,forward
C:/Code/CapstoneDesign/CapstoneDesign/1213/data/frames/frame_00978.jpg,90,forward
C:/Code/CapstoneDesign/CapstoneDesign/1213/data/frames/frame_00979.jpg,90,forward
C:/Code/CapstoneDesign/CapstoneDesign/1213/data/frames/frame_00980.jpg,90,forward
C:/Code/CapstoneDesign/CapstoneDesign/1213/data/frames/frame_00981.jpg,90,forward
C:/Code/CapstoneDesign/CapstoneDesign/1213/data/frames/frame_00982.jpg,90,forward
C:/Code/CapstoneDesign/CapstoneDesign/1213/data/frames/frame_00983.jpg,60,forward
C:/Code/CapstoneDesign/CapstoneDesign/1213/data/frames/frame_00984.jpg,60,forward
C:/Code/CapstoneDesign/CapstoneDesign/1213/data/frames/frame_00985.jpg,60,forward
C:/Code/CapstoneDesign/CapstoneDesign/1213/data/frames/frame_00986.jpg,60,forward
C:/Code/CapstoneDesign/CapstoneDesign/1213/data/frames/frame_00987.jpg,60,forward
C:/Code/CapstoneDesign/CapstoneDesign/1213/data/frames/frame_00988.jpg,60,forward
C:/Code/CapstoneDesign/CapstoneDesign/1213/data/frames/frame_00989.jpg,60,forward
C:/Code/CapstoneDesign/CapstoneDesign/1213/data/frames/frame_00990.jpg,60,forward
C:/Code/CapstoneDesign/CapstoneDesign/1213/data/frames/frame_00991.jpg,60,forward
C:/Code/CapstoneDesign/CapstoneDesign/1213/data/frames/frame_00992.jpg,60,forward
C:/Code/CapstoneDesign/CapstoneDesign/1213/data/frames/frame_00993.jpg,60,forward
C:/Code/CapstoneDesign/CapstoneDesign/1213/data/frames/frame_00994.jpg,30,forward
C:/Code/CapstoneDesign/CapstoneDesign/1213/data/frames/frame_00995.jpg,30,forward
C:/Code/CapstoneDesign/CapstoneDesign/1213/data/frames/frame_00996.jpg,60,forward
C:/Code/CapstoneDesign/CapstoneDesign/1213/data/frames/frame_00997.jpg,60,forward
C:/Code/CapstoneDesign/CapstoneDesign/1213/data/frames/frame_00998.jpg,60,forward
C:/Code/CapstoneDesign/CapstoneDesign/1213/data/frames/frame_00999.jpg,60,forward
C:/Code/CapstoneDesign/CapstoneDesign/1213/data/frames/frame_01000.jpg,60,forward
C:/Code/CapstoneDesign/CapstoneDesign/1213/data/frames/frame_01001.jpg,60,forward
C:/Code/CapstoneDesign/CapstoneDesign/1213/data/frames/frame_01002.jpg,60,forward
C:/Code/CapstoneDesign/CapstoneDesign/1213/data/frames/frame_01003.jpg,60,forward
C:/Code/CapstoneDesign/CapstoneDesign/1213/data/frames/frame_01004.jpg,30,forward
C:/Code/CapstoneDesign/CapstoneDesign/1213/data/frames/frame_01005.jpg,30,forward
C:/Code/CapstoneDesign/CapstoneDesign/1213/data/frames/frame_01006.jpg,60,forward
C:/Code/CapstoneDesign/CapstoneDesign/1213/data/frames/frame_01007.jpg,60,forward
C:/Code/CapstoneDesign/CapstoneDesign/1213/data/frames/frame_01008.jpg,60,forward
C:/Code/CapstoneDesign/CapstoneDesign/1213/data/frames/frame_01009.jpg,60,forward
C:/Code/CapstoneDesign/CapstoneDesign/1213/data/frames/frame_01010.jpg,90,forward
C:/Code/CapstoneDesign/CapstoneDesign/1213/data/frames/frame_01011.jpg,90,forward
C:/Code/CapstoneDesign/CapstoneDesign/1213/data/frames/frame_01012.jpg,90,forward
C:/Code/CapstoneDesign/CapstoneDesign/1213/data/frames/frame_01013.jpg,90,forward
C:/Code/CapstoneDesign/CapstoneDesign/1213/data/frames/frame_01014.jpg,120,forward
C:/Code/CapstoneDesign/CapstoneDesign/1213/data/frames/frame_01015.jpg,120,forward
C:/Code/CapstoneDesign/CapstoneDesign/1213/data/frames/frame_01016.jpg,120,forward
C:/Code/CapstoneDesign/CapstoneDesign/1213/data/frames/frame_01017.jpg,120,forward
C:/Code/CapstoneDesign/CapstoneDesign/1213/data/frames/frame_01018.jpg,90,forward
C:/Code/CapstoneDesign/CapstoneDesign/1213/data/frames/frame_01019.jpg,90,forward
C:/Code/CapstoneDesign/CapstoneDesign/1213/data/frames/frame_01020.jpg,90,forward
C:/Code/CapstoneDesign/CapstoneDesign/1213/data/frames/frame_01021.jpg,120,forward
C:/Code/CapstoneDesign/CapstoneDesign/1213/data/frames/frame_01022.jpg,120,forward
C:/Code/CapstoneDesign/CapstoneDesign/1213/data/frames/frame_01023.jpg,90,forward
C:/Code/CapstoneDesign/CapstoneDesign/1213/data/frames/frame_01024.jpg,90,forward
C:/Code/CapstoneDesign/CapstoneDesign/1213/data/frames/frame_01025.jpg,90,forward
C:/Code/CapstoneDesign/CapstoneDesign/1213/data/frames/frame_01026.jpg,90,forward
C:/Code/CapstoneDesign/CapstoneDesign/1213/data/frames/frame_01027.jpg,90,forward
C:/Code/CapstoneDesign/CapstoneDesign/1213/data/frames/frame_01028.jpg,90,forward
C:/Code/CapstoneDesign/CapstoneDesign/1213/data/frames/frame_01029.jpg,90,forward
C:/Code/CapstoneDesign/CapstoneDesign/1213/data/frames/frame_01030.jpg,90,forward
C:/Code/CapstoneDesign/CapstoneDesign/1213/data/frames/frame_01031.jpg,60,forward
C:/Code/CapstoneDesign/CapstoneDesign/1213/data/frames/frame_01032.jpg,60,forward
C:/Code/CapstoneDesign/CapstoneDesign/1213/data/frames/frame_01033.jpg,90,forward
C:/Code/CapstoneDesign/CapstoneDesign/1213/data/frames/frame_01034.jpg,90,forward
C:/Code/CapstoneDesign/CapstoneDesign/1213/data/frames/frame_01035.jpg,90,forward
C:/Code/CapstoneDesign/CapstoneDesign/1213/data/frames/frame_01036.jpg,90,forward
C:/Code/CapstoneDesign/CapstoneDesign/1213/data/frames/frame_01037.jpg,90,forward
C:/Code/CapstoneDesign/CapstoneDesign/1213/data/frames/frame_01038.jpg,90,forward
C:/Code/CapstoneDesign/CapstoneDesign/1213/data/frames/frame_01039.jpg,90,forward
C:/Code/CapstoneDesign/CapstoneDesign/1213/data/frames/frame_01040.jpg,90,forward
C:/Code/CapstoneDesign/CapstoneDesign/1213/data/frames/frame_01041.jpg,60,forward
C:/Code/CapstoneDesign/CapstoneDesign/1213/data/frames/frame_01042.jpg,90,forward
C:/Code/CapstoneDesign/CapstoneDesign/1213/data/frames/frame_01043.jpg,90,forward
C:/Code/CapstoneDesign/CapstoneDesign/1213/data/frames/frame_01044.jpg,90,forward
C:/Code/CapstoneDesign/CapstoneDesign/1213/data/frames/frame_01045.jpg,90,forward
C:/Code/CapstoneDesign/CapstoneDesign/1213/data/frames/frame_01046.jpg,90,forward
C:/Code/CapstoneDesign/CapstoneDesign/1213/data/frames/frame_01047.jpg,90,forward
C:/Code/CapstoneDesign/CapstoneDesign/1213/data/frames/frame_01048.jpg,60,forward
C:/Code/CapstoneDesign/CapstoneDesign/1213/data/frames/frame_01049.jpg,90,forward
C:/Code/CapstoneDesign/CapstoneDesign/1213/data/frames/frame_01050.jpg,90,forward
C:/Code/CapstoneDesign/CapstoneDesign/1213/data/frames/frame_01051.jpg,90,forward
C:/Code/CapstoneDesign/CapstoneDesign/1213/data/frames/frame_01052.jpg,90,forward
C:/Code/CapstoneDesign/CapstoneDesign/1213/data/frames/frame_01053.jpg,90,forward
C:/Code/CapstoneDesign/CapstoneDesign/1213/data/frames/frame_01054.jpg,90,forward
C:/Code/CapstoneDesign/CapstoneDesign/1213/data/frames/frame_01055.jpg,60,forward
C:/Code/CapstoneDesign/CapstoneDesign/1213/data/frames/frame_01056.jpg,90,forward
C:/Code/CapstoneDesign/CapstoneDesign/1213/data/frames/frame_01057.jpg,90,forward
C:/Code/CapstoneDesign/CapstoneDesign/1213/data/frames/frame_01058.jpg,90,forward
C:/Code/CapstoneDesign/CapstoneDesign/1213/data/frames/frame_01059.jpg,90,forward
C:/Code/CapstoneDesign/CapstoneDesign/1213/data/frames/frame_01060.jpg,90,forward
C:/Code/CapstoneDesign/CapstoneDesign/1213/data/frames/frame_01061.jpg,90,forward
C:/Code/CapstoneDesign/CapstoneDesign/1213/data/frames/frame_01062.jpg,60,forward
C:/Code/CapstoneDesign/CapstoneDesign/1213/data/frames/frame_01063.jpg,60,forward
C:/Code/CapstoneDesign/CapstoneDesign/1213/data/frames/frame_01064.jpg,60,forward
C:/Code/CapstoneDesign/CapstoneDesign/1213/data/frames/frame_01065.jpg,60,forward
C:/Code/CapstoneDesign/CapstoneDesign/1213/data/frames/frame_01066.jpg,60,forward
C:/Code/CapstoneDesign/CapstoneDesign/1213/data/frames/frame_01067.jpg,60,forward
C:/Code/CapstoneDesign/CapstoneDesign/1213/data/frames/frame_01068.jpg,60,forward
C:/Code/CapstoneDesign/CapstoneDesign/1213/data/frames/frame_01069.jpg,60,forward
C:/Code/CapstoneDesign/CapstoneDesign/1213/data/frames/frame_01070.jpg,60,forward
C:/Code/CapstoneDesign/CapstoneDesign/1213/data/frames/frame_01071.jpg,60,forward
C:/Code/CapstoneDesign/CapstoneDesign/1213/data/frames/frame_01072.jpg,60,forward
C:/Code/CapstoneDesign/CapstoneDesign/1213/data/frames/frame_01073.jpg,60,forward
C:/Code/CapstoneDesign/CapstoneDesign/1213/data/frames/frame_01074.jpg,60,forward
C:/Code/CapstoneDesign/CapstoneDesign/1213/data/frames/frame_01075.jpg,60,forward
C:/Code/CapstoneDesign/CapstoneDesign/1213/data/frames/frame_01076.jpg,60,forward
C:/Code/CapstoneDesign/CapstoneDesign/1213/data/frames/frame_01077.jpg,30,forward
C:/Code/CapstoneDesign/CapstoneDesign/1213/data/frames/frame_01078.jpg,30,forward
C:/Code/CapstoneDesign/CapstoneDesign/1213/data/frames/frame_01079.jpg,30,forward
C:/Code/CapstoneDesign/CapstoneDesign/1213/data/frames/frame_01080.jpg,60,forward
C:/Code/CapstoneDesign/CapstoneDesign/1213/data/frames/frame_01081.jpg,60,forward
C:/Code/CapstoneDesign/CapstoneDesign/1213/data/frames/frame_01082.jpg,60,forward
C:/Code/CapstoneDesign/CapstoneDesign/1213/data/frames/frame_01083.jpg,60,forward
C:/Code/CapstoneDesign/CapstoneDesign/1213/data/frames/frame_01084.jpg,60,forward
C:/Code/CapstoneDesign/CapstoneDesign/1213/data/frames/frame_01085.jpg,60,forward
C:/Code/CapstoneDesign/CapstoneDesign/1213/data/frames/frame_01086.jpg,60,forward
C:/Code/CapstoneDesign/CapstoneDesign/1213/data/frames/frame_01087.jpg,60,forward
C:/Code/CapstoneDesign/CapstoneDesign/1213/data/frames/frame_01088.jpg,90,forward
C:/Code/CapstoneDesign/CapstoneDesign/1213/data/frames/frame_01089.jpg,90,forward
C:/Code/CapstoneDesign/CapstoneDesign/1213/data/frames/frame_01090.jpg,60,forward
C:/Code/CapstoneDesign/CapstoneDesign/1213/data/frames/frame_01091.jpg,60,forward
C:/Code/CapstoneDesign/CapstoneDesign/1213/data/frames/frame_01092.jpg,60,forward
C:/Code/CapstoneDesign/CapstoneDesign/1213/data/frames/frame_01093.jpg,90,forward
C:/Code/CapstoneDesign/CapstoneDesign/1213/data/frames/frame_01094.jpg,90,forward
C:/Code/CapstoneDesign/CapstoneDesign/1213/data/frames/frame_01095.jpg,90,forward
C:/Code/CapstoneDesign/CapstoneDesign/1213/data/frames/frame_01096.jpg,90,forward
C:/Code/CapstoneDesign/CapstoneDesign/1213/data/frames/frame_01097.jpg,90,forward
C:/Code/CapstoneDesign/CapstoneDesign/1213/data/frames/frame_01098.jpg,60,forward
C:/Code/CapstoneDesign/CapstoneDesign/1213/data/frames/frame_01099.jpg,90,forward
C:/Code/CapstoneDesign/CapstoneDesign/1213/data/frames/frame_01100.jpg,90,forward
C:/Code/CapstoneDesign/CapstoneDesign/1213/data/frames/frame_01101.jpg,90,forward
C:/Code/CapstoneDesign/CapstoneDesign/1213/data/frames/frame_01102.jpg,90,forward
C:/Code/CapstoneDesign/CapstoneDesign/1213/data/frames/frame_01103.jpg,90,stop
C:/Code/CapstoneDesign/CapstoneDesign/1213/data/frames/frame_01104.jpg,90,stop
C:/Code/CapstoneDesign/CapstoneDesign/1213/data/frames/frame_01105.jpg,60,stop
C:/Code/CapstoneDesign/CapstoneDesign/1213/data/frames/frame_01106.jpg,60,stop
C:/Code/CapstoneDesign/CapstoneDesign/1213/data/frames/frame_01107.jpg,60,stop
C:/Code/CapstoneDesign/CapstoneDesign/1213/data/frames/frame_01108.jpg,60,stop
C:/Code/CapstoneDesign/CapstoneDesign/1213/data/frames/frame_01109.jpg,60,stop
C:/Code/CapstoneDesign/CapstoneDesign/1213/data/frames/frame_01110.jpg,60,stop
C:/Code/CapstoneDesign/CapstoneDesign/1213/data/frames/frame_01111.jpg,60,stop
C:/Code/CapstoneDesign/CapstoneDesign/1213/data/frames/frame_01112.jpg,60,stop
C:/Code/CapstoneDesign/CapstoneDesign/1213/data/frames/frame_01113.jpg,60,stop
C:/Code/CapstoneDesign/CapstoneDesign/1213/data/frames/frame_01114.jpg,60,stop
C:/Code/CapstoneDesign/CapstoneDesign/1213/data/frames/frame_01115.jpg,60,stop
